type,geometry/type,geometry/coordinates/0,geometry/coordinates/1,properties/id_kabupaten,properties/id_provinsi,properties/id_kecamatan,properties/provinsi,properties/prov,properties/kabupaten,properties/kecamatan,properties/minggu
Feature,Point,115.21703,-8.54318,5103,51,5103050,BALI,BALI,KAB. BADUNG,ABIANSEMAL,1
Feature,Point,115.21703,-8.54318,5103,51,5103050,BALI,BALI,KAB. BADUNG,ABIANSEMAL,2
Feature,Point,115.21703,-8.54318,5103,51,5103050,BALI,BALI,KAB. BADUNG,ABIANSEMAL,3
Feature,Point,115.21703,-8.54318,5103,51,5103050,BALI,BALI,KAB. BADUNG,ABIANSEMAL,4
Feature,Point,115.21703,-8.54318,5103,51,5103050,BALI,BALI,KAB. BADUNG,ABIANSEMAL,5
Feature,Point,115.21703,-8.54318,5103,51,5103050,BALI,BALI,KAB. BADUNG,ABIANSEMAL,6
Feature,Point,115.21703,-8.54318,5103,51,5103050,BALI,BALI,KAB. BADUNG,ABIANSEMAL,7
Feature,Point,115.21703,-8.54318,5103,51,5103050,BALI,BALI,KAB. BADUNG,ABIANSEMAL,8
Feature,Point,115.21703,-8.54318,5103,51,5103050,BALI,BALI,KAB. BADUNG,ABIANSEMAL,9
Feature,Point,115.21703,-8.54318,5103,51,5103050,BALI,BALI,KAB. BADUNG,ABIANSEMAL,10
Feature,Point,115.21703,-8.54318,5103,51,5103050,BALI,BALI,KAB. BADUNG,ABIANSEMAL,11
Feature,Point,115.21703,-8.54318,5103,51,5103050,BALI,BALI,KAB. BADUNG,ABIANSEMAL,12
Feature,Point,115.21703,-8.54318,5103,51,5103050,BALI,BALI,KAB. BADUNG,ABIANSEMAL,13
Feature,Point,115.21703,-8.54318,5103,51,5103050,BALI,BALI,KAB. BADUNG,ABIANSEMAL,14
Feature,Point,115.21703,-8.54318,5103,51,5103050,BALI,BALI,KAB. BADUNG,ABIANSEMAL,15
Feature,Point,115.21703,-8.54318,5103,51,5103050,BALI,BALI,KAB. BADUNG,ABIANSEMAL,16
Feature,Point,115.21703,-8.54318,5103,51,5103050,BALI,BALI,KAB. BADUNG,ABIANSEMAL,17
Feature,Point,115.21703,-8.54318,5103,51,5103050,BALI,BALI,KAB. BADUNG,ABIANSEMAL,18
Feature,Point,115.21703,-8.54318,5103,51,5103050,BALI,BALI,KAB. BADUNG,ABIANSEMAL,19
Feature,Point,115.21703,-8.54318,5103,51,5103050,BALI,BALI,KAB. BADUNG,ABIANSEMAL,20
Feature,Point,115.21703,-8.54318,5103,51,5103050,BALI,BALI,KAB. BADUNG,ABIANSEMAL,21
Feature,Point,115.21703,-8.54318,5103,51,5103050,BALI,BALI,KAB. BADUNG,ABIANSEMAL,22
Feature,Point,115.21703,-8.54318,5103,51,5103050,BALI,BALI,KAB. BADUNG,ABIANSEMAL,23
Feature,Point,115.21703,-8.54318,5103,51,5103050,BALI,BALI,KAB. BADUNG,ABIANSEMAL,24
Feature,Point,115.21703,-8.54318,5103,51,5103050,BALI,BALI,KAB. BADUNG,ABIANSEMAL,25
Feature,Point,115.21703,-8.54318,5103,51,5103050,BALI,BALI,KAB. BADUNG,ABIANSEMAL,26
Feature,Point,115.21703,-8.54318,5103,51,5103050,BALI,BALI,KAB. BADUNG,ABIANSEMAL,27
Feature,Point,115.21703,-8.54318,5103,51,5103050,BALI,BALI,KAB. BADUNG,ABIANSEMAL,28
Feature,Point,115.21703,-8.54318,5103,51,5103050,BALI,BALI,KAB. BADUNG,ABIANSEMAL,29
Feature,Point,115.21703,-8.54318,5103,51,5103050,BALI,BALI,KAB. BADUNG,ABIANSEMAL,30
Feature,Point,115.21703,-8.54318,5103,51,5103050,BALI,BALI,KAB. BADUNG,ABIANSEMAL,31
Feature,Point,115.21703,-8.54318,5103,51,5103050,BALI,BALI,KAB. BADUNG,ABIANSEMAL,32
Feature,Point,115.21703,-8.54318,5103,51,5103050,BALI,BALI,KAB. BADUNG,ABIANSEMAL,33
Feature,Point,115.21703,-8.54318,5103,51,5103050,BALI,BALI,KAB. BADUNG,ABIANSEMAL,34
Feature,Point,115.21703,-8.54318,5103,51,5103050,BALI,BALI,KAB. BADUNG,ABIANSEMAL,35
Feature,Point,115.21703,-8.54318,5103,51,5103050,BALI,BALI,KAB. BADUNG,ABIANSEMAL,36
Feature,Point,115.21703,-8.54318,5103,51,5103050,BALI,BALI,KAB. BADUNG,ABIANSEMAL,37
Feature,Point,115.21703,-8.54318,5103,51,5103050,BALI,BALI,KAB. BADUNG,ABIANSEMAL,38
Feature,Point,115.21703,-8.54318,5103,51,5103050,BALI,BALI,KAB. BADUNG,ABIANSEMAL,39
Feature,Point,115.21703,-8.54318,5103,51,5103050,BALI,BALI,KAB. BADUNG,ABIANSEMAL,40
Feature,Point,115.21703,-8.54318,5103,51,5103050,BALI,BALI,KAB. BADUNG,ABIANSEMAL,41
Feature,Point,115.21703,-8.54318,5103,51,5103050,BALI,BALI,KAB. BADUNG,ABIANSEMAL,42
Feature,Point,115.21703,-8.54318,5103,51,5103050,BALI,BALI,KAB. BADUNG,ABIANSEMAL,43
Feature,Point,115.21703,-8.54318,5103,51,5103050,BALI,BALI,KAB. BADUNG,ABIANSEMAL,44
Feature,Point,115.21703,-8.54318,5103,51,5103050,BALI,BALI,KAB. BADUNG,ABIANSEMAL,45
Feature,Point,115.21703,-8.54318,5103,51,5103050,BALI,BALI,KAB. BADUNG,ABIANSEMAL,46
Feature,Point,115.21703,-8.54318,5103,51,5103050,BALI,BALI,KAB. BADUNG,ABIANSEMAL,47
Feature,Point,115.21703,-8.54318,5103,51,5103050,BALI,BALI,KAB. BADUNG,ABIANSEMAL,48
Feature,Point,115.21703,-8.54318,5103,51,5103050,BALI,BALI,KAB. BADUNG,ABIANSEMAL,49
Feature,Point,115.21703,-8.54318,5103,51,5103050,BALI,BALI,KAB. BADUNG,ABIANSEMAL,50
Feature,Point,115.21703,-8.54318,5103,51,5103050,BALI,BALI,KAB. BADUNG,ABIANSEMAL,51
Feature,Point,115.21703,-8.54318,5103,51,5103050,BALI,BALI,KAB. BADUNG,ABIANSEMAL,52
Feature,Point,114.99915,-8.32002,5108,51,5108040,BALI,BALI,KAB. BULELENG,BANJAR,1
Feature,Point,114.99915,-8.32002,5108,51,5108040,BALI,BALI,KAB. BULELENG,BANJAR,2
Feature,Point,114.99915,-8.32002,5108,51,5108040,BALI,BALI,KAB. BULELENG,BANJAR,3
Feature,Point,114.99915,-8.32002,5108,51,5108040,BALI,BALI,KAB. BULELENG,BANJAR,4
Feature,Point,114.99915,-8.32002,5108,51,5108040,BALI,BALI,KAB. BULELENG,BANJAR,5
Feature,Point,114.99915,-8.32002,5108,51,5108040,BALI,BALI,KAB. BULELENG,BANJAR,6
Feature,Point,114.99915,-8.32002,5108,51,5108040,BALI,BALI,KAB. BULELENG,BANJAR,7
Feature,Point,114.99915,-8.32002,5108,51,5108040,BALI,BALI,KAB. BULELENG,BANJAR,8
Feature,Point,114.99915,-8.32002,5108,51,5108040,BALI,BALI,KAB. BULELENG,BANJAR,9
Feature,Point,114.99915,-8.32002,5108,51,5108040,BALI,BALI,KAB. BULELENG,BANJAR,10
Feature,Point,114.99915,-8.32002,5108,51,5108040,BALI,BALI,KAB. BULELENG,BANJAR,11
Feature,Point,114.99915,-8.32002,5108,51,5108040,BALI,BALI,KAB. BULELENG,BANJAR,12
Feature,Point,114.99915,-8.32002,5108,51,5108040,BALI,BALI,KAB. BULELENG,BANJAR,13
Feature,Point,114.99915,-8.32002,5108,51,5108040,BALI,BALI,KAB. BULELENG,BANJAR,14
Feature,Point,114.99915,-8.32002,5108,51,5108040,BALI,BALI,KAB. BULELENG,BANJAR,15
Feature,Point,114.99915,-8.32002,5108,51,5108040,BALI,BALI,KAB. BULELENG,BANJAR,16
Feature,Point,114.99915,-8.32002,5108,51,5108040,BALI,BALI,KAB. BULELENG,BANJAR,17
Feature,Point,114.99915,-8.32002,5108,51,5108040,BALI,BALI,KAB. BULELENG,BANJAR,18
Feature,Point,114.99915,-8.32002,5108,51,5108040,BALI,BALI,KAB. BULELENG,BANJAR,19
Feature,Point,114.99915,-8.32002,5108,51,5108040,BALI,BALI,KAB. BULELENG,BANJAR,20
Feature,Point,114.99915,-8.32002,5108,51,5108040,BALI,BALI,KAB. BULELENG,BANJAR,21
Feature,Point,114.99915,-8.32002,5108,51,5108040,BALI,BALI,KAB. BULELENG,BANJAR,22
Feature,Point,114.99915,-8.32002,5108,51,5108040,BALI,BALI,KAB. BULELENG,BANJAR,23
Feature,Point,114.99915,-8.32002,5108,51,5108040,BALI,BALI,KAB. BULELENG,BANJAR,24
Feature,Point,114.99915,-8.32002,5108,51,5108040,BALI,BALI,KAB. BULELENG,BANJAR,25
Feature,Point,114.99915,-8.32002,5108,51,5108040,BALI,BALI,KAB. BULELENG,BANJAR,26
Feature,Point,114.99915,-8.32002,5108,51,5108040,BALI,BALI,KAB. BULELENG,BANJAR,27
Feature,Point,114.99915,-8.32002,5108,51,5108040,BALI,BALI,KAB. BULELENG,BANJAR,28
Feature,Point,114.99915,-8.32002,5108,51,5108040,BALI,BALI,KAB. BULELENG,BANJAR,29
Feature,Point,114.99915,-8.32002,5108,51,5108040,BALI,BALI,KAB. BULELENG,BANJAR,30
Feature,Point,114.99915,-8.32002,5108,51,5108040,BALI,BALI,KAB. BULELENG,BANJAR,31
Feature,Point,114.99915,-8.32002,5108,51,5108040,BALI,BALI,KAB. BULELENG,BANJAR,32
Feature,Point,114.99915,-8.32002,5108,51,5108040,BALI,BALI,KAB. BULELENG,BANJAR,33
Feature,Point,114.99915,-8.32002,5108,51,5108040,BALI,BALI,KAB. BULELENG,BANJAR,34
Feature,Point,114.99915,-8.32002,5108,51,5108040,BALI,BALI,KAB. BULELENG,BANJAR,35
Feature,Point,114.99915,-8.32002,5108,51,5108040,BALI,BALI,KAB. BULELENG,BANJAR,36
Feature,Point,114.99915,-8.32002,5108,51,5108040,BALI,BALI,KAB. BULELENG,BANJAR,37
Feature,Point,114.99915,-8.32002,5108,51,5108040,BALI,BALI,KAB. BULELENG,BANJAR,38
Feature,Point,114.99915,-8.32002,5108,51,5108040,BALI,BALI,KAB. BULELENG,BANJAR,39
Feature,Point,114.99915,-8.32002,5108,51,5108040,BALI,BALI,KAB. BULELENG,BANJAR,40
Feature,Point,114.99915,-8.32002,5108,51,5108040,BALI,BALI,KAB. BULELENG,BANJAR,41
Feature,Point,114.99915,-8.32002,5108,51,5108040,BALI,BALI,KAB. BULELENG,BANJAR,42
Feature,Point,114.99915,-8.32002,5108,51,5108040,BALI,BALI,KAB. BULELENG,BANJAR,43
Feature,Point,114.99915,-8.32002,5108,51,5108040,BALI,BALI,KAB. BULELENG,BANJAR,44
Feature,Point,114.99915,-8.32002,5108,51,5108040,BALI,BALI,KAB. BULELENG,BANJAR,45
Feature,Point,114.99915,-8.32002,5108,51,5108040,BALI,BALI,KAB. BULELENG,BANJAR,46
Feature,Point,114.99915,-8.32002,5108,51,5108040,BALI,BALI,KAB. BULELENG,BANJAR,47
Feature,Point,114.99915,-8.32002,5108,51,5108040,BALI,BALI,KAB. BULELENG,BANJAR,48
Feature,Point,114.99915,-8.32002,5108,51,5108040,BALI,BALI,KAB. BULELENG,BANJAR,49
Feature,Point,114.99915,-8.32002,5108,51,5108040,BALI,BALI,KAB. BULELENG,BANJAR,50
Feature,Point,114.99915,-8.32002,5108,51,5108040,BALI,BALI,KAB. BULELENG,BANJAR,51
Feature,Point,114.99915,-8.32002,5108,51,5108040,BALI,BALI,KAB. BULELENG,BANJAR,52
Feature,Point,115.07818,-8.12138,5108,51,5108060,BALI,BALI,KAB. BULELENG,BULELENG,1
Feature,Point,115.07818,-8.12138,5108,51,5108060,BALI,BALI,KAB. BULELENG,BULELENG,2
Feature,Point,115.07818,-8.12138,5108,51,5108060,BALI,BALI,KAB. BULELENG,BULELENG,3
Feature,Point,115.07818,-8.12138,5108,51,5108060,BALI,BALI,KAB. BULELENG,BULELENG,4
Feature,Point,115.07818,-8.12138,5108,51,5108060,BALI,BALI,KAB. BULELENG,BULELENG,5
Feature,Point,115.07818,-8.12138,5108,51,5108060,BALI,BALI,KAB. BULELENG,BULELENG,6
Feature,Point,115.07818,-8.12138,5108,51,5108060,BALI,BALI,KAB. BULELENG,BULELENG,7
Feature,Point,115.07818,-8.12138,5108,51,5108060,BALI,BALI,KAB. BULELENG,BULELENG,8
Feature,Point,115.07818,-8.12138,5108,51,5108060,BALI,BALI,KAB. BULELENG,BULELENG,9
Feature,Point,115.07818,-8.12138,5108,51,5108060,BALI,BALI,KAB. BULELENG,BULELENG,10
Feature,Point,115.07818,-8.12138,5108,51,5108060,BALI,BALI,KAB. BULELENG,BULELENG,11
Feature,Point,115.07818,-8.12138,5108,51,5108060,BALI,BALI,KAB. BULELENG,BULELENG,12
Feature,Point,115.07818,-8.12138,5108,51,5108060,BALI,BALI,KAB. BULELENG,BULELENG,13
Feature,Point,115.07818,-8.12138,5108,51,5108060,BALI,BALI,KAB. BULELENG,BULELENG,14
Feature,Point,115.07818,-8.12138,5108,51,5108060,BALI,BALI,KAB. BULELENG,BULELENG,15
Feature,Point,115.07818,-8.12138,5108,51,5108060,BALI,BALI,KAB. BULELENG,BULELENG,16
Feature,Point,115.07818,-8.12138,5108,51,5108060,BALI,BALI,KAB. BULELENG,BULELENG,17
Feature,Point,115.07818,-8.12138,5108,51,5108060,BALI,BALI,KAB. BULELENG,BULELENG,18
Feature,Point,115.07818,-8.12138,5108,51,5108060,BALI,BALI,KAB. BULELENG,BULELENG,19
Feature,Point,115.07818,-8.12138,5108,51,5108060,BALI,BALI,KAB. BULELENG,BULELENG,20
Feature,Point,115.07818,-8.12138,5108,51,5108060,BALI,BALI,KAB. BULELENG,BULELENG,21
Feature,Point,115.07818,-8.12138,5108,51,5108060,BALI,BALI,KAB. BULELENG,BULELENG,22
Feature,Point,115.07818,-8.12138,5108,51,5108060,BALI,BALI,KAB. BULELENG,BULELENG,23
Feature,Point,115.07818,-8.12138,5108,51,5108060,BALI,BALI,KAB. BULELENG,BULELENG,24
Feature,Point,115.07818,-8.12138,5108,51,5108060,BALI,BALI,KAB. BULELENG,BULELENG,25
Feature,Point,115.07818,-8.12138,5108,51,5108060,BALI,BALI,KAB. BULELENG,BULELENG,26
Feature,Point,115.07818,-8.12138,5108,51,5108060,BALI,BALI,KAB. BULELENG,BULELENG,27
Feature,Point,115.07818,-8.12138,5108,51,5108060,BALI,BALI,KAB. BULELENG,BULELENG,28
Feature,Point,115.07818,-8.12138,5108,51,5108060,BALI,BALI,KAB. BULELENG,BULELENG,29
Feature,Point,115.07818,-8.12138,5108,51,5108060,BALI,BALI,KAB. BULELENG,BULELENG,30
Feature,Point,115.07818,-8.12138,5108,51,5108060,BALI,BALI,KAB. BULELENG,BULELENG,31
Feature,Point,115.07818,-8.12138,5108,51,5108060,BALI,BALI,KAB. BULELENG,BULELENG,32
Feature,Point,115.07818,-8.12138,5108,51,5108060,BALI,BALI,KAB. BULELENG,BULELENG,33
Feature,Point,115.07818,-8.12138,5108,51,5108060,BALI,BALI,KAB. BULELENG,BULELENG,34
Feature,Point,115.07818,-8.12138,5108,51,5108060,BALI,BALI,KAB. BULELENG,BULELENG,35
Feature,Point,115.07818,-8.12138,5108,51,5108060,BALI,BALI,KAB. BULELENG,BULELENG,36
Feature,Point,115.07818,-8.12138,5108,51,5108060,BALI,BALI,KAB. BULELENG,BULELENG,37
Feature,Point,115.07818,-8.12138,5108,51,5108060,BALI,BALI,KAB. BULELENG,BULELENG,38
Feature,Point,115.07818,-8.12138,5108,51,5108060,BALI,BALI,KAB. BULELENG,BULELENG,39
Feature,Point,115.07818,-8.12138,5108,51,5108060,BALI,BALI,KAB. BULELENG,BULELENG,40
Feature,Point,115.07818,-8.12138,5108,51,5108060,BALI,BALI,KAB. BULELENG,BULELENG,41
Feature,Point,115.07818,-8.12138,5108,51,5108060,BALI,BALI,KAB. BULELENG,BULELENG,42
Feature,Point,115.07818,-8.12138,5108,51,5108060,BALI,BALI,KAB. BULELENG,BULELENG,43
Feature,Point,115.07818,-8.12138,5108,51,5108060,BALI,BALI,KAB. BULELENG,BULELENG,44
Feature,Point,115.07818,-8.12138,5108,51,5108060,BALI,BALI,KAB. BULELENG,BULELENG,45
Feature,Point,115.07818,-8.12138,5108,51,5108060,BALI,BALI,KAB. BULELENG,BULELENG,46
Feature,Point,115.07818,-8.12138,5108,51,5108060,BALI,BALI,KAB. BULELENG,BULELENG,47
Feature,Point,115.07818,-8.12138,5108,51,5108060,BALI,BALI,KAB. BULELENG,BULELENG,48
Feature,Point,115.07818,-8.12138,5108,51,5108060,BALI,BALI,KAB. BULELENG,BULELENG,49
Feature,Point,115.07818,-8.12138,5108,51,5108060,BALI,BALI,KAB. BULELENG,BULELENG,50
Feature,Point,115.07818,-8.12138,5108,51,5108060,BALI,BALI,KAB. BULELENG,BULELENG,51
Feature,Point,115.07818,-8.12138,5108,51,5108060,BALI,BALI,KAB. BULELENG,BULELENG,52
Feature,Point,114.92795,-8.32625,5108,51,5108030,BALI,BALI,KAB. BULELENG,BUSUNGBIU,1
Feature,Point,114.92795,-8.32625,5108,51,5108030,BALI,BALI,KAB. BULELENG,BUSUNGBIU,2
Feature,Point,114.92795,-8.32625,5108,51,5108030,BALI,BALI,KAB. BULELENG,BUSUNGBIU,3
Feature,Point,114.92795,-8.32625,5108,51,5108030,BALI,BALI,KAB. BULELENG,BUSUNGBIU,4
Feature,Point,114.92795,-8.32625,5108,51,5108030,BALI,BALI,KAB. BULELENG,BUSUNGBIU,5
Feature,Point,114.92795,-8.32625,5108,51,5108030,BALI,BALI,KAB. BULELENG,BUSUNGBIU,6
Feature,Point,114.92795,-8.32625,5108,51,5108030,BALI,BALI,KAB. BULELENG,BUSUNGBIU,7
Feature,Point,114.92795,-8.32625,5108,51,5108030,BALI,BALI,KAB. BULELENG,BUSUNGBIU,8
Feature,Point,114.92795,-8.32625,5108,51,5108030,BALI,BALI,KAB. BULELENG,BUSUNGBIU,9
Feature,Point,114.92795,-8.32625,5108,51,5108030,BALI,BALI,KAB. BULELENG,BUSUNGBIU,10
Feature,Point,114.92795,-8.32625,5108,51,5108030,BALI,BALI,KAB. BULELENG,BUSUNGBIU,11
Feature,Point,114.92795,-8.32625,5108,51,5108030,BALI,BALI,KAB. BULELENG,BUSUNGBIU,12
Feature,Point,114.92795,-8.32625,5108,51,5108030,BALI,BALI,KAB. BULELENG,BUSUNGBIU,13
Feature,Point,114.92795,-8.32625,5108,51,5108030,BALI,BALI,KAB. BULELENG,BUSUNGBIU,14
Feature,Point,114.92795,-8.32625,5108,51,5108030,BALI,BALI,KAB. BULELENG,BUSUNGBIU,15
Feature,Point,114.92795,-8.32625,5108,51,5108030,BALI,BALI,KAB. BULELENG,BUSUNGBIU,16
Feature,Point,114.92795,-8.32625,5108,51,5108030,BALI,BALI,KAB. BULELENG,BUSUNGBIU,17
Feature,Point,114.92795,-8.32625,5108,51,5108030,BALI,BALI,KAB. BULELENG,BUSUNGBIU,18
Feature,Point,114.92795,-8.32625,5108,51,5108030,BALI,BALI,KAB. BULELENG,BUSUNGBIU,19
Feature,Point,114.92795,-8.32625,5108,51,5108030,BALI,BALI,KAB. BULELENG,BUSUNGBIU,20
Feature,Point,114.92795,-8.32625,5108,51,5108030,BALI,BALI,KAB. BULELENG,BUSUNGBIU,21
Feature,Point,114.92795,-8.32625,5108,51,5108030,BALI,BALI,KAB. BULELENG,BUSUNGBIU,22
Feature,Point,114.92795,-8.32625,5108,51,5108030,BALI,BALI,KAB. BULELENG,BUSUNGBIU,23
Feature,Point,114.92795,-8.32625,5108,51,5108030,BALI,BALI,KAB. BULELENG,BUSUNGBIU,24
Feature,Point,114.92795,-8.32625,5108,51,5108030,BALI,BALI,KAB. BULELENG,BUSUNGBIU,25
Feature,Point,114.92795,-8.32625,5108,51,5108030,BALI,BALI,KAB. BULELENG,BUSUNGBIU,26
Feature,Point,114.92795,-8.32625,5108,51,5108030,BALI,BALI,KAB. BULELENG,BUSUNGBIU,27
Feature,Point,114.92795,-8.32625,5108,51,5108030,BALI,BALI,KAB. BULELENG,BUSUNGBIU,28
Feature,Point,114.92795,-8.32625,5108,51,5108030,BALI,BALI,KAB. BULELENG,BUSUNGBIU,29
Feature,Point,114.92795,-8.32625,5108,51,5108030,BALI,BALI,KAB. BULELENG,BUSUNGBIU,30
Feature,Point,114.92795,-8.32625,5108,51,5108030,BALI,BALI,KAB. BULELENG,BUSUNGBIU,31
Feature,Point,114.92795,-8.32625,5108,51,5108030,BALI,BALI,KAB. BULELENG,BUSUNGBIU,32
Feature,Point,114.92795,-8.32625,5108,51,5108030,BALI,BALI,KAB. BULELENG,BUSUNGBIU,33
Feature,Point,114.92795,-8.32625,5108,51,5108030,BALI,BALI,KAB. BULELENG,BUSUNGBIU,34
Feature,Point,114.92795,-8.32625,5108,51,5108030,BALI,BALI,KAB. BULELENG,BUSUNGBIU,35
Feature,Point,114.92795,-8.32625,5108,51,5108030,BALI,BALI,KAB. BULELENG,BUSUNGBIU,36
Feature,Point,114.92795,-8.32625,5108,51,5108030,BALI,BALI,KAB. BULELENG,BUSUNGBIU,37
Feature,Point,114.92795,-8.32625,5108,51,5108030,BALI,BALI,KAB. BULELENG,BUSUNGBIU,38
Feature,Point,114.92795,-8.32625,5108,51,5108030,BALI,BALI,KAB. BULELENG,BUSUNGBIU,39
Feature,Point,114.92795,-8.32625,5108,51,5108030,BALI,BALI,KAB. BULELENG,BUSUNGBIU,40
Feature,Point,114.92795,-8.32625,5108,51,5108030,BALI,BALI,KAB. BULELENG,BUSUNGBIU,41
Feature,Point,114.92795,-8.32625,5108,51,5108030,BALI,BALI,KAB. BULELENG,BUSUNGBIU,42
Feature,Point,114.92795,-8.32625,5108,51,5108030,BALI,BALI,KAB. BULELENG,BUSUNGBIU,43
Feature,Point,114.92795,-8.32625,5108,51,5108030,BALI,BALI,KAB. BULELENG,BUSUNGBIU,44
Feature,Point,114.92795,-8.32625,5108,51,5108030,BALI,BALI,KAB. BULELENG,BUSUNGBIU,45
Feature,Point,114.92795,-8.32625,5108,51,5108030,BALI,BALI,KAB. BULELENG,BUSUNGBIU,46
Feature,Point,114.92795,-8.32625,5108,51,5108030,BALI,BALI,KAB. BULELENG,BUSUNGBIU,47
Feature,Point,114.92795,-8.32625,5108,51,5108030,BALI,BALI,KAB. BULELENG,BUSUNGBIU,48
Feature,Point,114.92795,-8.32625,5108,51,5108030,BALI,BALI,KAB. BULELENG,BUSUNGBIU,49
Feature,Point,114.92795,-8.32625,5108,51,5108030,BALI,BALI,KAB. BULELENG,BUSUNGBIU,50
Feature,Point,114.92795,-8.32625,5108,51,5108030,BALI,BALI,KAB. BULELENG,BUSUNGBIU,51
Feature,Point,114.92795,-8.32625,5108,51,5108030,BALI,BALI,KAB. BULELENG,BUSUNGBIU,52
Feature,Point,114.7905,-8.19129,5108,51,5108010,BALI,BALI,KAB. BULELENG,GEROKGAK,1
Feature,Point,114.7905,-8.19129,5108,51,5108010,BALI,BALI,KAB. BULELENG,GEROKGAK,2
Feature,Point,114.7905,-8.19129,5108,51,5108010,BALI,BALI,KAB. BULELENG,GEROKGAK,3
Feature,Point,114.7905,-8.19129,5108,51,5108010,BALI,BALI,KAB. BULELENG,GEROKGAK,4
Feature,Point,114.7905,-8.19129,5108,51,5108010,BALI,BALI,KAB. BULELENG,GEROKGAK,5
Feature,Point,114.7905,-8.19129,5108,51,5108010,BALI,BALI,KAB. BULELENG,GEROKGAK,6
Feature,Point,114.7905,-8.19129,5108,51,5108010,BALI,BALI,KAB. BULELENG,GEROKGAK,7
Feature,Point,114.7905,-8.19129,5108,51,5108010,BALI,BALI,KAB. BULELENG,GEROKGAK,8
Feature,Point,114.7905,-8.19129,5108,51,5108010,BALI,BALI,KAB. BULELENG,GEROKGAK,9
Feature,Point,114.7905,-8.19129,5108,51,5108010,BALI,BALI,KAB. BULELENG,GEROKGAK,10
Feature,Point,114.7905,-8.19129,5108,51,5108010,BALI,BALI,KAB. BULELENG,GEROKGAK,11
Feature,Point,114.7905,-8.19129,5108,51,5108010,BALI,BALI,KAB. BULELENG,GEROKGAK,12
Feature,Point,114.7905,-8.19129,5108,51,5108010,BALI,BALI,KAB. BULELENG,GEROKGAK,13
Feature,Point,114.7905,-8.19129,5108,51,5108010,BALI,BALI,KAB. BULELENG,GEROKGAK,14
Feature,Point,114.7905,-8.19129,5108,51,5108010,BALI,BALI,KAB. BULELENG,GEROKGAK,15
Feature,Point,114.7905,-8.19129,5108,51,5108010,BALI,BALI,KAB. BULELENG,GEROKGAK,16
Feature,Point,114.7905,-8.19129,5108,51,5108010,BALI,BALI,KAB. BULELENG,GEROKGAK,17
Feature,Point,114.7905,-8.19129,5108,51,5108010,BALI,BALI,KAB. BULELENG,GEROKGAK,18
Feature,Point,114.7905,-8.19129,5108,51,5108010,BALI,BALI,KAB. BULELENG,GEROKGAK,19
Feature,Point,114.7905,-8.19129,5108,51,5108010,BALI,BALI,KAB. BULELENG,GEROKGAK,20
Feature,Point,114.7905,-8.19129,5108,51,5108010,BALI,BALI,KAB. BULELENG,GEROKGAK,21
Feature,Point,114.7905,-8.19129,5108,51,5108010,BALI,BALI,KAB. BULELENG,GEROKGAK,22
Feature,Point,114.7905,-8.19129,5108,51,5108010,BALI,BALI,KAB. BULELENG,GEROKGAK,23
Feature,Point,114.7905,-8.19129,5108,51,5108010,BALI,BALI,KAB. BULELENG,GEROKGAK,24
Feature,Point,114.7905,-8.19129,5108,51,5108010,BALI,BALI,KAB. BULELENG,GEROKGAK,25
Feature,Point,114.7905,-8.19129,5108,51,5108010,BALI,BALI,KAB. BULELENG,GEROKGAK,26
Feature,Point,114.7905,-8.19129,5108,51,5108010,BALI,BALI,KAB. BULELENG,GEROKGAK,27
Feature,Point,114.7905,-8.19129,5108,51,5108010,BALI,BALI,KAB. BULELENG,GEROKGAK,28
Feature,Point,114.7905,-8.19129,5108,51,5108010,BALI,BALI,KAB. BULELENG,GEROKGAK,29
Feature,Point,114.7905,-8.19129,5108,51,5108010,BALI,BALI,KAB. BULELENG,GEROKGAK,30
Feature,Point,114.7905,-8.19129,5108,51,5108010,BALI,BALI,KAB. BULELENG,GEROKGAK,31
Feature,Point,114.7905,-8.19129,5108,51,5108010,BALI,BALI,KAB. BULELENG,GEROKGAK,32
Feature,Point,114.7905,-8.19129,5108,51,5108010,BALI,BALI,KAB. BULELENG,GEROKGAK,33
Feature,Point,114.7905,-8.19129,5108,51,5108010,BALI,BALI,KAB. BULELENG,GEROKGAK,34
Feature,Point,114.7905,-8.19129,5108,51,5108010,BALI,BALI,KAB. BULELENG,GEROKGAK,35
Feature,Point,114.7905,-8.19129,5108,51,5108010,BALI,BALI,KAB. BULELENG,GEROKGAK,36
Feature,Point,114.7905,-8.19129,5108,51,5108010,BALI,BALI,KAB. BULELENG,GEROKGAK,37
Feature,Point,114.7905,-8.19129,5108,51,5108010,BALI,BALI,KAB. BULELENG,GEROKGAK,38
Feature,Point,114.7905,-8.19129,5108,51,5108010,BALI,BALI,KAB. BULELENG,GEROKGAK,39
Feature,Point,114.7905,-8.19129,5108,51,5108010,BALI,BALI,KAB. BULELENG,GEROKGAK,40
Feature,Point,114.7905,-8.19129,5108,51,5108010,BALI,BALI,KAB. BULELENG,GEROKGAK,41
Feature,Point,114.7905,-8.19129,5108,51,5108010,BALI,BALI,KAB. BULELENG,GEROKGAK,42
Feature,Point,114.7905,-8.19129,5108,51,5108010,BALI,BALI,KAB. BULELENG,GEROKGAK,43
Feature,Point,114.7905,-8.19129,5108,51,5108010,BALI,BALI,KAB. BULELENG,GEROKGAK,44
Feature,Point,114.7905,-8.19129,5108,51,5108010,BALI,BALI,KAB. BULELENG,GEROKGAK,45
Feature,Point,114.7905,-8.19129,5108,51,5108010,BALI,BALI,KAB. BULELENG,GEROKGAK,46
Feature,Point,114.7905,-8.19129,5108,51,5108010,BALI,BALI,KAB. BULELENG,GEROKGAK,47
Feature,Point,114.7905,-8.19129,5108,51,5108010,BALI,BALI,KAB. BULELENG,GEROKGAK,48
Feature,Point,114.7905,-8.19129,5108,51,5108010,BALI,BALI,KAB. BULELENG,GEROKGAK,49
Feature,Point,114.7905,-8.19129,5108,51,5108010,BALI,BALI,KAB. BULELENG,GEROKGAK,50
Feature,Point,114.7905,-8.19129,5108,51,5108010,BALI,BALI,KAB. BULELENG,GEROKGAK,51
Feature,Point,114.7905,-8.19129,5108,51,5108010,BALI,BALI,KAB. BULELENG,GEROKGAK,52
Feature,Point,115.2316,-8.08944,5108,51,5108080,BALI,BALI,KAB. BULELENG,KUBUTAMBAHAN,1
Feature,Point,115.2316,-8.08944,5108,51,5108080,BALI,BALI,KAB. BULELENG,KUBUTAMBAHAN,2
Feature,Point,115.2316,-8.08944,5108,51,5108080,BALI,BALI,KAB. BULELENG,KUBUTAMBAHAN,3
Feature,Point,115.2316,-8.08944,5108,51,5108080,BALI,BALI,KAB. BULELENG,KUBUTAMBAHAN,4
Feature,Point,115.2316,-8.08944,5108,51,5108080,BALI,BALI,KAB. BULELENG,KUBUTAMBAHAN,5
Feature,Point,115.2316,-8.08944,5108,51,5108080,BALI,BALI,KAB. BULELENG,KUBUTAMBAHAN,6
Feature,Point,115.2316,-8.08944,5108,51,5108080,BALI,BALI,KAB. BULELENG,KUBUTAMBAHAN,7
Feature,Point,115.2316,-8.08944,5108,51,5108080,BALI,BALI,KAB. BULELENG,KUBUTAMBAHAN,8
Feature,Point,115.2316,-8.08944,5108,51,5108080,BALI,BALI,KAB. BULELENG,KUBUTAMBAHAN,9
Feature,Point,115.2316,-8.08944,5108,51,5108080,BALI,BALI,KAB. BULELENG,KUBUTAMBAHAN,10
Feature,Point,115.2316,-8.08944,5108,51,5108080,BALI,BALI,KAB. BULELENG,KUBUTAMBAHAN,11
Feature,Point,115.2316,-8.08944,5108,51,5108080,BALI,BALI,KAB. BULELENG,KUBUTAMBAHAN,12
Feature,Point,115.2316,-8.08944,5108,51,5108080,BALI,BALI,KAB. BULELENG,KUBUTAMBAHAN,13
Feature,Point,115.2316,-8.08944,5108,51,5108080,BALI,BALI,KAB. BULELENG,KUBUTAMBAHAN,14
Feature,Point,115.2316,-8.08944,5108,51,5108080,BALI,BALI,KAB. BULELENG,KUBUTAMBAHAN,15
Feature,Point,115.2316,-8.08944,5108,51,5108080,BALI,BALI,KAB. BULELENG,KUBUTAMBAHAN,16
Feature,Point,115.2316,-8.08944,5108,51,5108080,BALI,BALI,KAB. BULELENG,KUBUTAMBAHAN,17
Feature,Point,115.2316,-8.08944,5108,51,5108080,BALI,BALI,KAB. BULELENG,KUBUTAMBAHAN,18
Feature,Point,115.2316,-8.08944,5108,51,5108080,BALI,BALI,KAB. BULELENG,KUBUTAMBAHAN,19
Feature,Point,115.2316,-8.08944,5108,51,5108080,BALI,BALI,KAB. BULELENG,KUBUTAMBAHAN,20
Feature,Point,115.2316,-8.08944,5108,51,5108080,BALI,BALI,KAB. BULELENG,KUBUTAMBAHAN,21
Feature,Point,115.2316,-8.08944,5108,51,5108080,BALI,BALI,KAB. BULELENG,KUBUTAMBAHAN,22
Feature,Point,115.2316,-8.08944,5108,51,5108080,BALI,BALI,KAB. BULELENG,KUBUTAMBAHAN,23
Feature,Point,115.2316,-8.08944,5108,51,5108080,BALI,BALI,KAB. BULELENG,KUBUTAMBAHAN,24
Feature,Point,115.2316,-8.08944,5108,51,5108080,BALI,BALI,KAB. BULELENG,KUBUTAMBAHAN,25
Feature,Point,115.2316,-8.08944,5108,51,5108080,BALI,BALI,KAB. BULELENG,KUBUTAMBAHAN,26
Feature,Point,115.2316,-8.08944,5108,51,5108080,BALI,BALI,KAB. BULELENG,KUBUTAMBAHAN,27
Feature,Point,115.2316,-8.08944,5108,51,5108080,BALI,BALI,KAB. BULELENG,KUBUTAMBAHAN,28
Feature,Point,115.2316,-8.08944,5108,51,5108080,BALI,BALI,KAB. BULELENG,KUBUTAMBAHAN,29
Feature,Point,115.2316,-8.08944,5108,51,5108080,BALI,BALI,KAB. BULELENG,KUBUTAMBAHAN,30
Feature,Point,115.2316,-8.08944,5108,51,5108080,BALI,BALI,KAB. BULELENG,KUBUTAMBAHAN,31
Feature,Point,115.2316,-8.08944,5108,51,5108080,BALI,BALI,KAB. BULELENG,KUBUTAMBAHAN,32
Feature,Point,115.2316,-8.08944,5108,51,5108080,BALI,BALI,KAB. BULELENG,KUBUTAMBAHAN,33
Feature,Point,115.2316,-8.08944,5108,51,5108080,BALI,BALI,KAB. BULELENG,KUBUTAMBAHAN,34
Feature,Point,115.2316,-8.08944,5108,51,5108080,BALI,BALI,KAB. BULELENG,KUBUTAMBAHAN,35
Feature,Point,115.2316,-8.08944,5108,51,5108080,BALI,BALI,KAB. BULELENG,KUBUTAMBAHAN,36
Feature,Point,115.2316,-8.08944,5108,51,5108080,BALI,BALI,KAB. BULELENG,KUBUTAMBAHAN,37
Feature,Point,115.2316,-8.08944,5108,51,5108080,BALI,BALI,KAB. BULELENG,KUBUTAMBAHAN,38
Feature,Point,115.2316,-8.08944,5108,51,5108080,BALI,BALI,KAB. BULELENG,KUBUTAMBAHAN,39
Feature,Point,115.2316,-8.08944,5108,51,5108080,BALI,BALI,KAB. BULELENG,KUBUTAMBAHAN,40
Feature,Point,115.2316,-8.08944,5108,51,5108080,BALI,BALI,KAB. BULELENG,KUBUTAMBAHAN,41
Feature,Point,115.2316,-8.08944,5108,51,5108080,BALI,BALI,KAB. BULELENG,KUBUTAMBAHAN,42
Feature,Point,115.2316,-8.08944,5108,51,5108080,BALI,BALI,KAB. BULELENG,KUBUTAMBAHAN,43
Feature,Point,115.2316,-8.08944,5108,51,5108080,BALI,BALI,KAB. BULELENG,KUBUTAMBAHAN,44
Feature,Point,115.2316,-8.08944,5108,51,5108080,BALI,BALI,KAB. BULELENG,KUBUTAMBAHAN,45
Feature,Point,115.2316,-8.08944,5108,51,5108080,BALI,BALI,KAB. BULELENG,KUBUTAMBAHAN,46
Feature,Point,115.2316,-8.08944,5108,51,5108080,BALI,BALI,KAB. BULELENG,KUBUTAMBAHAN,47
Feature,Point,115.2316,-8.08944,5108,51,5108080,BALI,BALI,KAB. BULELENG,KUBUTAMBAHAN,48
Feature,Point,115.2316,-8.08944,5108,51,5108080,BALI,BALI,KAB. BULELENG,KUBUTAMBAHAN,49
Feature,Point,115.2316,-8.08944,5108,51,5108080,BALI,BALI,KAB. BULELENG,KUBUTAMBAHAN,50
Feature,Point,115.2316,-8.08944,5108,51,5108080,BALI,BALI,KAB. BULELENG,KUBUTAMBAHAN,51
Feature,Point,115.2316,-8.08944,5108,51,5108080,BALI,BALI,KAB. BULELENG,KUBUTAMBAHAN,52
Feature,Point,115.17523,-8.7238,5103,51,5103020,BALI,BALI,KAB. BADUNG,KUTA,1
Feature,Point,115.17523,-8.7238,5103,51,5103020,BALI,BALI,KAB. BADUNG,KUTA,2
Feature,Point,115.17523,-8.7238,5103,51,5103020,BALI,BALI,KAB. BADUNG,KUTA,3
Feature,Point,115.17523,-8.7238,5103,51,5103020,BALI,BALI,KAB. BADUNG,KUTA,4
Feature,Point,115.17523,-8.7238,5103,51,5103020,BALI,BALI,KAB. BADUNG,KUTA,5
Feature,Point,115.17523,-8.7238,5103,51,5103020,BALI,BALI,KAB. BADUNG,KUTA,6
Feature,Point,115.17523,-8.7238,5103,51,5103020,BALI,BALI,KAB. BADUNG,KUTA,7
Feature,Point,115.17523,-8.7238,5103,51,5103020,BALI,BALI,KAB. BADUNG,KUTA,8
Feature,Point,115.17523,-8.7238,5103,51,5103020,BALI,BALI,KAB. BADUNG,KUTA,9
Feature,Point,115.17523,-8.7238,5103,51,5103020,BALI,BALI,KAB. BADUNG,KUTA,10
Feature,Point,115.17523,-8.7238,5103,51,5103020,BALI,BALI,KAB. BADUNG,KUTA,11
Feature,Point,115.17523,-8.7238,5103,51,5103020,BALI,BALI,KAB. BADUNG,KUTA,12
Feature,Point,115.17523,-8.7238,5103,51,5103020,BALI,BALI,KAB. BADUNG,KUTA,13
Feature,Point,115.17523,-8.7238,5103,51,5103020,BALI,BALI,KAB. BADUNG,KUTA,14
Feature,Point,115.17523,-8.7238,5103,51,5103020,BALI,BALI,KAB. BADUNG,KUTA,15
Feature,Point,115.17523,-8.7238,5103,51,5103020,BALI,BALI,KAB. BADUNG,KUTA,16
Feature,Point,115.17523,-8.7238,5103,51,5103020,BALI,BALI,KAB. BADUNG,KUTA,17
Feature,Point,115.17523,-8.7238,5103,51,5103020,BALI,BALI,KAB. BADUNG,KUTA,18
Feature,Point,115.17523,-8.7238,5103,51,5103020,BALI,BALI,KAB. BADUNG,KUTA,19
Feature,Point,115.17523,-8.7238,5103,51,5103020,BALI,BALI,KAB. BADUNG,KUTA,20
Feature,Point,115.17523,-8.7238,5103,51,5103020,BALI,BALI,KAB. BADUNG,KUTA,21
Feature,Point,115.17523,-8.7238,5103,51,5103020,BALI,BALI,KAB. BADUNG,KUTA,22
Feature,Point,115.17523,-8.7238,5103,51,5103020,BALI,BALI,KAB. BADUNG,KUTA,23
Feature,Point,115.17523,-8.7238,5103,51,5103020,BALI,BALI,KAB. BADUNG,KUTA,24
Feature,Point,115.17523,-8.7238,5103,51,5103020,BALI,BALI,KAB. BADUNG,KUTA,25
Feature,Point,115.17523,-8.7238,5103,51,5103020,BALI,BALI,KAB. BADUNG,KUTA,26
Feature,Point,115.17523,-8.7238,5103,51,5103020,BALI,BALI,KAB. BADUNG,KUTA,27
Feature,Point,115.17523,-8.7238,5103,51,5103020,BALI,BALI,KAB. BADUNG,KUTA,28
Feature,Point,115.17523,-8.7238,5103,51,5103020,BALI,BALI,KAB. BADUNG,KUTA,29
Feature,Point,115.17523,-8.7238,5103,51,5103020,BALI,BALI,KAB. BADUNG,KUTA,30
Feature,Point,115.17523,-8.7238,5103,51,5103020,BALI,BALI,KAB. BADUNG,KUTA,31
Feature,Point,115.17523,-8.7238,5103,51,5103020,BALI,BALI,KAB. BADUNG,KUTA,32
Feature,Point,115.17523,-8.7238,5103,51,5103020,BALI,BALI,KAB. BADUNG,KUTA,33
Feature,Point,115.17523,-8.7238,5103,51,5103020,BALI,BALI,KAB. BADUNG,KUTA,34
Feature,Point,115.17523,-8.7238,5103,51,5103020,BALI,BALI,KAB. BADUNG,KUTA,35
Feature,Point,115.17523,-8.7238,5103,51,5103020,BALI,BALI,KAB. BADUNG,KUTA,36
Feature,Point,115.17523,-8.7238,5103,51,5103020,BALI,BALI,KAB. BADUNG,KUTA,37
Feature,Point,115.17523,-8.7238,5103,51,5103020,BALI,BALI,KAB. BADUNG,KUTA,38
Feature,Point,115.17523,-8.7238,5103,51,5103020,BALI,BALI,KAB. BADUNG,KUTA,39
Feature,Point,115.17523,-8.7238,5103,51,5103020,BALI,BALI,KAB. BADUNG,KUTA,40
Feature,Point,115.17523,-8.7238,5103,51,5103020,BALI,BALI,KAB. BADUNG,KUTA,41
Feature,Point,115.17523,-8.7238,5103,51,5103020,BALI,BALI,KAB. BADUNG,KUTA,42
Feature,Point,115.17523,-8.7238,5103,51,5103020,BALI,BALI,KAB. BADUNG,KUTA,43
Feature,Point,115.17523,-8.7238,5103,51,5103020,BALI,BALI,KAB. BADUNG,KUTA,44
Feature,Point,115.17523,-8.7238,5103,51,5103020,BALI,BALI,KAB. BADUNG,KUTA,45
Feature,Point,115.17523,-8.7238,5103,51,5103020,BALI,BALI,KAB. BADUNG,KUTA,46
Feature,Point,115.17523,-8.7238,5103,51,5103020,BALI,BALI,KAB. BADUNG,KUTA,47
Feature,Point,115.17523,-8.7238,5103,51,5103020,BALI,BALI,KAB. BADUNG,KUTA,48
Feature,Point,115.17523,-8.7238,5103,51,5103020,BALI,BALI,KAB. BADUNG,KUTA,49
Feature,Point,115.17523,-8.7238,5103,51,5103020,BALI,BALI,KAB. BADUNG,KUTA,50
Feature,Point,115.17523,-8.7238,5103,51,5103020,BALI,BALI,KAB. BADUNG,KUTA,51
Feature,Point,115.17523,-8.7238,5103,51,5103020,BALI,BALI,KAB. BADUNG,KUTA,52
Feature,Point,115.19886,-8.79488,5103,51,5103010,BALI,BALI,KAB. BADUNG,KUTA SELATAN,1
Feature,Point,115.19886,-8.79488,5103,51,5103010,BALI,BALI,KAB. BADUNG,KUTA SELATAN,2
Feature,Point,115.19886,-8.79488,5103,51,5103010,BALI,BALI,KAB. BADUNG,KUTA SELATAN,3
Feature,Point,115.19886,-8.79488,5103,51,5103010,BALI,BALI,KAB. BADUNG,KUTA SELATAN,4
Feature,Point,115.19886,-8.79488,5103,51,5103010,BALI,BALI,KAB. BADUNG,KUTA SELATAN,5
Feature,Point,115.19886,-8.79488,5103,51,5103010,BALI,BALI,KAB. BADUNG,KUTA SELATAN,6
Feature,Point,115.19886,-8.79488,5103,51,5103010,BALI,BALI,KAB. BADUNG,KUTA SELATAN,7
Feature,Point,115.19886,-8.79488,5103,51,5103010,BALI,BALI,KAB. BADUNG,KUTA SELATAN,8
Feature,Point,115.19886,-8.79488,5103,51,5103010,BALI,BALI,KAB. BADUNG,KUTA SELATAN,9
Feature,Point,115.19886,-8.79488,5103,51,5103010,BALI,BALI,KAB. BADUNG,KUTA SELATAN,10
Feature,Point,115.19886,-8.79488,5103,51,5103010,BALI,BALI,KAB. BADUNG,KUTA SELATAN,11
Feature,Point,115.19886,-8.79488,5103,51,5103010,BALI,BALI,KAB. BADUNG,KUTA SELATAN,12
Feature,Point,115.19886,-8.79488,5103,51,5103010,BALI,BALI,KAB. BADUNG,KUTA SELATAN,13
Feature,Point,115.19886,-8.79488,5103,51,5103010,BALI,BALI,KAB. BADUNG,KUTA SELATAN,14
Feature,Point,115.19886,-8.79488,5103,51,5103010,BALI,BALI,KAB. BADUNG,KUTA SELATAN,15
Feature,Point,115.19886,-8.79488,5103,51,5103010,BALI,BALI,KAB. BADUNG,KUTA SELATAN,16
Feature,Point,115.19886,-8.79488,5103,51,5103010,BALI,BALI,KAB. BADUNG,KUTA SELATAN,17
Feature,Point,115.19886,-8.79488,5103,51,5103010,BALI,BALI,KAB. BADUNG,KUTA SELATAN,18
Feature,Point,115.19886,-8.79488,5103,51,5103010,BALI,BALI,KAB. BADUNG,KUTA SELATAN,19
Feature,Point,115.19886,-8.79488,5103,51,5103010,BALI,BALI,KAB. BADUNG,KUTA SELATAN,20
Feature,Point,115.19886,-8.79488,5103,51,5103010,BALI,BALI,KAB. BADUNG,KUTA SELATAN,21
Feature,Point,115.19886,-8.79488,5103,51,5103010,BALI,BALI,KAB. BADUNG,KUTA SELATAN,22
Feature,Point,115.19886,-8.79488,5103,51,5103010,BALI,BALI,KAB. BADUNG,KUTA SELATAN,23
Feature,Point,115.19886,-8.79488,5103,51,5103010,BALI,BALI,KAB. BADUNG,KUTA SELATAN,24
Feature,Point,115.19886,-8.79488,5103,51,5103010,BALI,BALI,KAB. BADUNG,KUTA SELATAN,25
Feature,Point,115.19886,-8.79488,5103,51,5103010,BALI,BALI,KAB. BADUNG,KUTA SELATAN,26
Feature,Point,115.19886,-8.79488,5103,51,5103010,BALI,BALI,KAB. BADUNG,KUTA SELATAN,27
Feature,Point,115.19886,-8.79488,5103,51,5103010,BALI,BALI,KAB. BADUNG,KUTA SELATAN,28
Feature,Point,115.19886,-8.79488,5103,51,5103010,BALI,BALI,KAB. BADUNG,KUTA SELATAN,29
Feature,Point,115.19886,-8.79488,5103,51,5103010,BALI,BALI,KAB. BADUNG,KUTA SELATAN,30
Feature,Point,115.19886,-8.79488,5103,51,5103010,BALI,BALI,KAB. BADUNG,KUTA SELATAN,31
Feature,Point,115.19886,-8.79488,5103,51,5103010,BALI,BALI,KAB. BADUNG,KUTA SELATAN,32
Feature,Point,115.19886,-8.79488,5103,51,5103010,BALI,BALI,KAB. BADUNG,KUTA SELATAN,33
Feature,Point,115.19886,-8.79488,5103,51,5103010,BALI,BALI,KAB. BADUNG,KUTA SELATAN,34
Feature,Point,115.19886,-8.79488,5103,51,5103010,BALI,BALI,KAB. BADUNG,KUTA SELATAN,35
Feature,Point,115.19886,-8.79488,5103,51,5103010,BALI,BALI,KAB. BADUNG,KUTA SELATAN,36
Feature,Point,115.19886,-8.79488,5103,51,5103010,BALI,BALI,KAB. BADUNG,KUTA SELATAN,37
Feature,Point,115.19886,-8.79488,5103,51,5103010,BALI,BALI,KAB. BADUNG,KUTA SELATAN,38
Feature,Point,115.19886,-8.79488,5103,51,5103010,BALI,BALI,KAB. BADUNG,KUTA SELATAN,39
Feature,Point,115.19886,-8.79488,5103,51,5103010,BALI,BALI,KAB. BADUNG,KUTA SELATAN,40
Feature,Point,115.19886,-8.79488,5103,51,5103010,BALI,BALI,KAB. BADUNG,KUTA SELATAN,41
Feature,Point,115.19886,-8.79488,5103,51,5103010,BALI,BALI,KAB. BADUNG,KUTA SELATAN,42
Feature,Point,115.19886,-8.79488,5103,51,5103010,BALI,BALI,KAB. BADUNG,KUTA SELATAN,43
Feature,Point,115.19886,-8.79488,5103,51,5103010,BALI,BALI,KAB. BADUNG,KUTA SELATAN,44
Feature,Point,115.19886,-8.79488,5103,51,5103010,BALI,BALI,KAB. BADUNG,KUTA SELATAN,45
Feature,Point,115.19886,-8.79488,5103,51,5103010,BALI,BALI,KAB. BADUNG,KUTA SELATAN,46
Feature,Point,115.19886,-8.79488,5103,51,5103010,BALI,BALI,KAB. BADUNG,KUTA SELATAN,47
Feature,Point,115.19886,-8.79488,5103,51,5103010,BALI,BALI,KAB. BADUNG,KUTA SELATAN,48
Feature,Point,115.19886,-8.79488,5103,51,5103010,BALI,BALI,KAB. BADUNG,KUTA SELATAN,49
Feature,Point,115.19886,-8.79488,5103,51,5103010,BALI,BALI,KAB. BADUNG,KUTA SELATAN,50
Feature,Point,115.19886,-8.79488,5103,51,5103010,BALI,BALI,KAB. BADUNG,KUTA SELATAN,51
Feature,Point,115.19886,-8.79488,5103,51,5103010,BALI,BALI,KAB. BADUNG,KUTA SELATAN,52
Feature,Point,115.1606,-8.64305,5103,51,5103030,BALI,BALI,KAB. BADUNG,KUTA UTARA,1
Feature,Point,115.1606,-8.64305,5103,51,5103030,BALI,BALI,KAB. BADUNG,KUTA UTARA,2
Feature,Point,115.1606,-8.64305,5103,51,5103030,BALI,BALI,KAB. BADUNG,KUTA UTARA,3
Feature,Point,115.1606,-8.64305,5103,51,5103030,BALI,BALI,KAB. BADUNG,KUTA UTARA,4
Feature,Point,115.1606,-8.64305,5103,51,5103030,BALI,BALI,KAB. BADUNG,KUTA UTARA,5
Feature,Point,115.1606,-8.64305,5103,51,5103030,BALI,BALI,KAB. BADUNG,KUTA UTARA,6
Feature,Point,115.1606,-8.64305,5103,51,5103030,BALI,BALI,KAB. BADUNG,KUTA UTARA,7
Feature,Point,115.1606,-8.64305,5103,51,5103030,BALI,BALI,KAB. BADUNG,KUTA UTARA,8
Feature,Point,115.1606,-8.64305,5103,51,5103030,BALI,BALI,KAB. BADUNG,KUTA UTARA,9
Feature,Point,115.1606,-8.64305,5103,51,5103030,BALI,BALI,KAB. BADUNG,KUTA UTARA,10
Feature,Point,115.1606,-8.64305,5103,51,5103030,BALI,BALI,KAB. BADUNG,KUTA UTARA,11
Feature,Point,115.1606,-8.64305,5103,51,5103030,BALI,BALI,KAB. BADUNG,KUTA UTARA,12
Feature,Point,115.1606,-8.64305,5103,51,5103030,BALI,BALI,KAB. BADUNG,KUTA UTARA,13
Feature,Point,115.1606,-8.64305,5103,51,5103030,BALI,BALI,KAB. BADUNG,KUTA UTARA,14
Feature,Point,115.1606,-8.64305,5103,51,5103030,BALI,BALI,KAB. BADUNG,KUTA UTARA,15
Feature,Point,115.1606,-8.64305,5103,51,5103030,BALI,BALI,KAB. BADUNG,KUTA UTARA,16
Feature,Point,115.1606,-8.64305,5103,51,5103030,BALI,BALI,KAB. BADUNG,KUTA UTARA,17
Feature,Point,115.1606,-8.64305,5103,51,5103030,BALI,BALI,KAB. BADUNG,KUTA UTARA,18
Feature,Point,115.1606,-8.64305,5103,51,5103030,BALI,BALI,KAB. BADUNG,KUTA UTARA,19
Feature,Point,115.1606,-8.64305,5103,51,5103030,BALI,BALI,KAB. BADUNG,KUTA UTARA,20
Feature,Point,115.1606,-8.64305,5103,51,5103030,BALI,BALI,KAB. BADUNG,KUTA UTARA,21
Feature,Point,115.1606,-8.64305,5103,51,5103030,BALI,BALI,KAB. BADUNG,KUTA UTARA,22
Feature,Point,115.1606,-8.64305,5103,51,5103030,BALI,BALI,KAB. BADUNG,KUTA UTARA,23
Feature,Point,115.1606,-8.64305,5103,51,5103030,BALI,BALI,KAB. BADUNG,KUTA UTARA,24
Feature,Point,115.1606,-8.64305,5103,51,5103030,BALI,BALI,KAB. BADUNG,KUTA UTARA,25
Feature,Point,115.1606,-8.64305,5103,51,5103030,BALI,BALI,KAB. BADUNG,KUTA UTARA,26
Feature,Point,115.1606,-8.64305,5103,51,5103030,BALI,BALI,KAB. BADUNG,KUTA UTARA,27
Feature,Point,115.1606,-8.64305,5103,51,5103030,BALI,BALI,KAB. BADUNG,KUTA UTARA,28
Feature,Point,115.1606,-8.64305,5103,51,5103030,BALI,BALI,KAB. BADUNG,KUTA UTARA,29
Feature,Point,115.1606,-8.64305,5103,51,5103030,BALI,BALI,KAB. BADUNG,KUTA UTARA,30
Feature,Point,115.1606,-8.64305,5103,51,5103030,BALI,BALI,KAB. BADUNG,KUTA UTARA,31
Feature,Point,115.1606,-8.64305,5103,51,5103030,BALI,BALI,KAB. BADUNG,KUTA UTARA,32
Feature,Point,115.1606,-8.64305,5103,51,5103030,BALI,BALI,KAB. BADUNG,KUTA UTARA,33
Feature,Point,115.1606,-8.64305,5103,51,5103030,BALI,BALI,KAB. BADUNG,KUTA UTARA,34
Feature,Point,115.1606,-8.64305,5103,51,5103030,BALI,BALI,KAB. BADUNG,KUTA UTARA,35
Feature,Point,115.1606,-8.64305,5103,51,5103030,BALI,BALI,KAB. BADUNG,KUTA UTARA,36
Feature,Point,115.1606,-8.64305,5103,51,5103030,BALI,BALI,KAB. BADUNG,KUTA UTARA,37
Feature,Point,115.1606,-8.64305,5103,51,5103030,BALI,BALI,KAB. BADUNG,KUTA UTARA,38
Feature,Point,115.1606,-8.64305,5103,51,5103030,BALI,BALI,KAB. BADUNG,KUTA UTARA,39
Feature,Point,115.1606,-8.64305,5103,51,5103030,BALI,BALI,KAB. BADUNG,KUTA UTARA,40
Feature,Point,115.1606,-8.64305,5103,51,5103030,BALI,BALI,KAB. BADUNG,KUTA UTARA,41
Feature,Point,115.1606,-8.64305,5103,51,5103030,BALI,BALI,KAB. BADUNG,KUTA UTARA,42
Feature,Point,115.1606,-8.64305,5103,51,5103030,BALI,BALI,KAB. BADUNG,KUTA UTARA,43
Feature,Point,115.1606,-8.64305,5103,51,5103030,BALI,BALI,KAB. BADUNG,KUTA UTARA,44
Feature,Point,115.1606,-8.64305,5103,51,5103030,BALI,BALI,KAB. BADUNG,KUTA UTARA,45
Feature,Point,115.1606,-8.64305,5103,51,5103030,BALI,BALI,KAB. BADUNG,KUTA UTARA,46
Feature,Point,115.1606,-8.64305,5103,51,5103030,BALI,BALI,KAB. BADUNG,KUTA UTARA,47
Feature,Point,115.1606,-8.64305,5103,51,5103030,BALI,BALI,KAB. BADUNG,KUTA UTARA,48
Feature,Point,115.1606,-8.64305,5103,51,5103030,BALI,BALI,KAB. BADUNG,KUTA UTARA,49
Feature,Point,115.1606,-8.64305,5103,51,5103030,BALI,BALI,KAB. BADUNG,KUTA UTARA,50
Feature,Point,115.1606,-8.64305,5103,51,5103030,BALI,BALI,KAB. BADUNG,KUTA UTARA,51
Feature,Point,115.1606,-8.64305,5103,51,5103030,BALI,BALI,KAB. BADUNG,KUTA UTARA,52
Feature,Point,115.17158,-8.54346,5103,51,5103040,BALI,BALI,KAB. BADUNG,MENGWI,1
Feature,Point,115.17158,-8.54346,5103,51,5103040,BALI,BALI,KAB. BADUNG,MENGWI,2
Feature,Point,115.17158,-8.54346,5103,51,5103040,BALI,BALI,KAB. BADUNG,MENGWI,3
Feature,Point,115.17158,-8.54346,5103,51,5103040,BALI,BALI,KAB. BADUNG,MENGWI,4
Feature,Point,115.17158,-8.54346,5103,51,5103040,BALI,BALI,KAB. BADUNG,MENGWI,5
Feature,Point,115.17158,-8.54346,5103,51,5103040,BALI,BALI,KAB. BADUNG,MENGWI,6
Feature,Point,115.17158,-8.54346,5103,51,5103040,BALI,BALI,KAB. BADUNG,MENGWI,7
Feature,Point,115.17158,-8.54346,5103,51,5103040,BALI,BALI,KAB. BADUNG,MENGWI,8
Feature,Point,115.17158,-8.54346,5103,51,5103040,BALI,BALI,KAB. BADUNG,MENGWI,9
Feature,Point,115.17158,-8.54346,5103,51,5103040,BALI,BALI,KAB. BADUNG,MENGWI,10
Feature,Point,115.17158,-8.54346,5103,51,5103040,BALI,BALI,KAB. BADUNG,MENGWI,11
Feature,Point,115.17158,-8.54346,5103,51,5103040,BALI,BALI,KAB. BADUNG,MENGWI,12
Feature,Point,115.17158,-8.54346,5103,51,5103040,BALI,BALI,KAB. BADUNG,MENGWI,13
Feature,Point,115.17158,-8.54346,5103,51,5103040,BALI,BALI,KAB. BADUNG,MENGWI,14
Feature,Point,115.17158,-8.54346,5103,51,5103040,BALI,BALI,KAB. BADUNG,MENGWI,15
Feature,Point,115.17158,-8.54346,5103,51,5103040,BALI,BALI,KAB. BADUNG,MENGWI,16
Feature,Point,115.17158,-8.54346,5103,51,5103040,BALI,BALI,KAB. BADUNG,MENGWI,17
Feature,Point,115.17158,-8.54346,5103,51,5103040,BALI,BALI,KAB. BADUNG,MENGWI,18
Feature,Point,115.17158,-8.54346,5103,51,5103040,BALI,BALI,KAB. BADUNG,MENGWI,19
Feature,Point,115.17158,-8.54346,5103,51,5103040,BALI,BALI,KAB. BADUNG,MENGWI,20
Feature,Point,115.17158,-8.54346,5103,51,5103040,BALI,BALI,KAB. BADUNG,MENGWI,21
Feature,Point,115.17158,-8.54346,5103,51,5103040,BALI,BALI,KAB. BADUNG,MENGWI,22
Feature,Point,115.17158,-8.54346,5103,51,5103040,BALI,BALI,KAB. BADUNG,MENGWI,23
Feature,Point,115.17158,-8.54346,5103,51,5103040,BALI,BALI,KAB. BADUNG,MENGWI,24
Feature,Point,115.17158,-8.54346,5103,51,5103040,BALI,BALI,KAB. BADUNG,MENGWI,25
Feature,Point,115.17158,-8.54346,5103,51,5103040,BALI,BALI,KAB. BADUNG,MENGWI,26
Feature,Point,115.17158,-8.54346,5103,51,5103040,BALI,BALI,KAB. BADUNG,MENGWI,27
Feature,Point,115.17158,-8.54346,5103,51,5103040,BALI,BALI,KAB. BADUNG,MENGWI,28
Feature,Point,115.17158,-8.54346,5103,51,5103040,BALI,BALI,KAB. BADUNG,MENGWI,29
Feature,Point,115.17158,-8.54346,5103,51,5103040,BALI,BALI,KAB. BADUNG,MENGWI,30
Feature,Point,115.17158,-8.54346,5103,51,5103040,BALI,BALI,KAB. BADUNG,MENGWI,31
Feature,Point,115.17158,-8.54346,5103,51,5103040,BALI,BALI,KAB. BADUNG,MENGWI,32
Feature,Point,115.17158,-8.54346,5103,51,5103040,BALI,BALI,KAB. BADUNG,MENGWI,33
Feature,Point,115.17158,-8.54346,5103,51,5103040,BALI,BALI,KAB. BADUNG,MENGWI,34
Feature,Point,115.17158,-8.54346,5103,51,5103040,BALI,BALI,KAB. BADUNG,MENGWI,35
Feature,Point,115.17158,-8.54346,5103,51,5103040,BALI,BALI,KAB. BADUNG,MENGWI,36
Feature,Point,115.17158,-8.54346,5103,51,5103040,BALI,BALI,KAB. BADUNG,MENGWI,37
Feature,Point,115.17158,-8.54346,5103,51,5103040,BALI,BALI,KAB. BADUNG,MENGWI,38
Feature,Point,115.17158,-8.54346,5103,51,5103040,BALI,BALI,KAB. BADUNG,MENGWI,39
Feature,Point,115.17158,-8.54346,5103,51,5103040,BALI,BALI,KAB. BADUNG,MENGWI,40
Feature,Point,115.17158,-8.54346,5103,51,5103040,BALI,BALI,KAB. BADUNG,MENGWI,41
Feature,Point,115.17158,-8.54346,5103,51,5103040,BALI,BALI,KAB. BADUNG,MENGWI,42
Feature,Point,115.17158,-8.54346,5103,51,5103040,BALI,BALI,KAB. BADUNG,MENGWI,43
Feature,Point,115.17158,-8.54346,5103,51,5103040,BALI,BALI,KAB. BADUNG,MENGWI,44
Feature,Point,115.17158,-8.54346,5103,51,5103040,BALI,BALI,KAB. BADUNG,MENGWI,45
Feature,Point,115.17158,-8.54346,5103,51,5103040,BALI,BALI,KAB. BADUNG,MENGWI,46
Feature,Point,115.17158,-8.54346,5103,51,5103040,BALI,BALI,KAB. BADUNG,MENGWI,47
Feature,Point,115.17158,-8.54346,5103,51,5103040,BALI,BALI,KAB. BADUNG,MENGWI,48
Feature,Point,115.17158,-8.54346,5103,51,5103040,BALI,BALI,KAB. BADUNG,MENGWI,49
Feature,Point,115.17158,-8.54346,5103,51,5103040,BALI,BALI,KAB. BADUNG,MENGWI,50
Feature,Point,115.17158,-8.54346,5103,51,5103040,BALI,BALI,KAB. BADUNG,MENGWI,51
Feature,Point,115.17158,-8.54346,5103,51,5103040,BALI,BALI,KAB. BADUNG,MENGWI,52
Feature,Point,115.22449,-8.33659,5103,51,5103060,BALI,BALI,KAB. BADUNG,PETANG,1
Feature,Point,115.22449,-8.33659,5103,51,5103060,BALI,BALI,KAB. BADUNG,PETANG,2
Feature,Point,115.22449,-8.33659,5103,51,5103060,BALI,BALI,KAB. BADUNG,PETANG,3
Feature,Point,115.22449,-8.33659,5103,51,5103060,BALI,BALI,KAB. BADUNG,PETANG,4
Feature,Point,115.22449,-8.33659,5103,51,5103060,BALI,BALI,KAB. BADUNG,PETANG,5
Feature,Point,115.22449,-8.33659,5103,51,5103060,BALI,BALI,KAB. BADUNG,PETANG,6
Feature,Point,115.22449,-8.33659,5103,51,5103060,BALI,BALI,KAB. BADUNG,PETANG,7
Feature,Point,115.22449,-8.33659,5103,51,5103060,BALI,BALI,KAB. BADUNG,PETANG,8
Feature,Point,115.22449,-8.33659,5103,51,5103060,BALI,BALI,KAB. BADUNG,PETANG,9
Feature,Point,115.22449,-8.33659,5103,51,5103060,BALI,BALI,KAB. BADUNG,PETANG,10
Feature,Point,115.22449,-8.33659,5103,51,5103060,BALI,BALI,KAB. BADUNG,PETANG,11
Feature,Point,115.22449,-8.33659,5103,51,5103060,BALI,BALI,KAB. BADUNG,PETANG,12
Feature,Point,115.22449,-8.33659,5103,51,5103060,BALI,BALI,KAB. BADUNG,PETANG,13
Feature,Point,115.22449,-8.33659,5103,51,5103060,BALI,BALI,KAB. BADUNG,PETANG,14
Feature,Point,115.22449,-8.33659,5103,51,5103060,BALI,BALI,KAB. BADUNG,PETANG,15
Feature,Point,115.22449,-8.33659,5103,51,5103060,BALI,BALI,KAB. BADUNG,PETANG,16
Feature,Point,115.22449,-8.33659,5103,51,5103060,BALI,BALI,KAB. BADUNG,PETANG,17
Feature,Point,115.22449,-8.33659,5103,51,5103060,BALI,BALI,KAB. BADUNG,PETANG,18
Feature,Point,115.22449,-8.33659,5103,51,5103060,BALI,BALI,KAB. BADUNG,PETANG,19
Feature,Point,115.22449,-8.33659,5103,51,5103060,BALI,BALI,KAB. BADUNG,PETANG,20
Feature,Point,115.22449,-8.33659,5103,51,5103060,BALI,BALI,KAB. BADUNG,PETANG,21
Feature,Point,115.22449,-8.33659,5103,51,5103060,BALI,BALI,KAB. BADUNG,PETANG,22
Feature,Point,115.22449,-8.33659,5103,51,5103060,BALI,BALI,KAB. BADUNG,PETANG,23
Feature,Point,115.22449,-8.33659,5103,51,5103060,BALI,BALI,KAB. BADUNG,PETANG,24
Feature,Point,115.22449,-8.33659,5103,51,5103060,BALI,BALI,KAB. BADUNG,PETANG,25
Feature,Point,115.22449,-8.33659,5103,51,5103060,BALI,BALI,KAB. BADUNG,PETANG,26
Feature,Point,115.22449,-8.33659,5103,51,5103060,BALI,BALI,KAB. BADUNG,PETANG,27
Feature,Point,115.22449,-8.33659,5103,51,5103060,BALI,BALI,KAB. BADUNG,PETANG,28
Feature,Point,115.22449,-8.33659,5103,51,5103060,BALI,BALI,KAB. BADUNG,PETANG,29
Feature,Point,115.22449,-8.33659,5103,51,5103060,BALI,BALI,KAB. BADUNG,PETANG,30
Feature,Point,115.22449,-8.33659,5103,51,5103060,BALI,BALI,KAB. BADUNG,PETANG,31
Feature,Point,115.22449,-8.33659,5103,51,5103060,BALI,BALI,KAB. BADUNG,PETANG,32
Feature,Point,115.22449,-8.33659,5103,51,5103060,BALI,BALI,KAB. BADUNG,PETANG,33
Feature,Point,115.22449,-8.33659,5103,51,5103060,BALI,BALI,KAB. BADUNG,PETANG,34
Feature,Point,115.22449,-8.33659,5103,51,5103060,BALI,BALI,KAB. BADUNG,PETANG,35
Feature,Point,115.22449,-8.33659,5103,51,5103060,BALI,BALI,KAB. BADUNG,PETANG,36
Feature,Point,115.22449,-8.33659,5103,51,5103060,BALI,BALI,KAB. BADUNG,PETANG,37
Feature,Point,115.22449,-8.33659,5103,51,5103060,BALI,BALI,KAB. BADUNG,PETANG,38
Feature,Point,115.22449,-8.33659,5103,51,5103060,BALI,BALI,KAB. BADUNG,PETANG,39
Feature,Point,115.22449,-8.33659,5103,51,5103060,BALI,BALI,KAB. BADUNG,PETANG,40
Feature,Point,115.22449,-8.33659,5103,51,5103060,BALI,BALI,KAB. BADUNG,PETANG,41
Feature,Point,115.22449,-8.33659,5103,51,5103060,BALI,BALI,KAB. BADUNG,PETANG,42
Feature,Point,115.22449,-8.33659,5103,51,5103060,BALI,BALI,KAB. BADUNG,PETANG,43
Feature,Point,115.22449,-8.33659,5103,51,5103060,BALI,BALI,KAB. BADUNG,PETANG,44
Feature,Point,115.22449,-8.33659,5103,51,5103060,BALI,BALI,KAB. BADUNG,PETANG,45
Feature,Point,115.22449,-8.33659,5103,51,5103060,BALI,BALI,KAB. BADUNG,PETANG,46
Feature,Point,115.22449,-8.33659,5103,51,5103060,BALI,BALI,KAB. BADUNG,PETANG,47
Feature,Point,115.22449,-8.33659,5103,51,5103060,BALI,BALI,KAB. BADUNG,PETANG,48
Feature,Point,115.22449,-8.33659,5103,51,5103060,BALI,BALI,KAB. BADUNG,PETANG,49
Feature,Point,115.22449,-8.33659,5103,51,5103060,BALI,BALI,KAB. BADUNG,PETANG,50
Feature,Point,115.22449,-8.33659,5103,51,5103060,BALI,BALI,KAB. BADUNG,PETANG,51
Feature,Point,115.22449,-8.33659,5103,51,5103060,BALI,BALI,KAB. BADUNG,PETANG,52
Feature,Point,115.1727,-8.13291,5108,51,5108070,BALI,BALI,KAB. BULELENG,SAWAN,1
Feature,Point,115.1727,-8.13291,5108,51,5108070,BALI,BALI,KAB. BULELENG,SAWAN,2
Feature,Point,115.1727,-8.13291,5108,51,5108070,BALI,BALI,KAB. BULELENG,SAWAN,3
Feature,Point,115.1727,-8.13291,5108,51,5108070,BALI,BALI,KAB. BULELENG,SAWAN,4
Feature,Point,115.1727,-8.13291,5108,51,5108070,BALI,BALI,KAB. BULELENG,SAWAN,5
Feature,Point,115.1727,-8.13291,5108,51,5108070,BALI,BALI,KAB. BULELENG,SAWAN,6
Feature,Point,115.1727,-8.13291,5108,51,5108070,BALI,BALI,KAB. BULELENG,SAWAN,7
Feature,Point,115.1727,-8.13291,5108,51,5108070,BALI,BALI,KAB. BULELENG,SAWAN,8
Feature,Point,115.1727,-8.13291,5108,51,5108070,BALI,BALI,KAB. BULELENG,SAWAN,9
Feature,Point,115.1727,-8.13291,5108,51,5108070,BALI,BALI,KAB. BULELENG,SAWAN,10
Feature,Point,115.1727,-8.13291,5108,51,5108070,BALI,BALI,KAB. BULELENG,SAWAN,11
Feature,Point,115.1727,-8.13291,5108,51,5108070,BALI,BALI,KAB. BULELENG,SAWAN,12
Feature,Point,115.1727,-8.13291,5108,51,5108070,BALI,BALI,KAB. BULELENG,SAWAN,13
Feature,Point,115.1727,-8.13291,5108,51,5108070,BALI,BALI,KAB. BULELENG,SAWAN,14
Feature,Point,115.1727,-8.13291,5108,51,5108070,BALI,BALI,KAB. BULELENG,SAWAN,15
Feature,Point,115.1727,-8.13291,5108,51,5108070,BALI,BALI,KAB. BULELENG,SAWAN,16
Feature,Point,115.1727,-8.13291,5108,51,5108070,BALI,BALI,KAB. BULELENG,SAWAN,17
Feature,Point,115.1727,-8.13291,5108,51,5108070,BALI,BALI,KAB. BULELENG,SAWAN,18
Feature,Point,115.1727,-8.13291,5108,51,5108070,BALI,BALI,KAB. BULELENG,SAWAN,19
Feature,Point,115.1727,-8.13291,5108,51,5108070,BALI,BALI,KAB. BULELENG,SAWAN,20
Feature,Point,115.1727,-8.13291,5108,51,5108070,BALI,BALI,KAB. BULELENG,SAWAN,21
Feature,Point,115.1727,-8.13291,5108,51,5108070,BALI,BALI,KAB. BULELENG,SAWAN,22
Feature,Point,115.1727,-8.13291,5108,51,5108070,BALI,BALI,KAB. BULELENG,SAWAN,23
Feature,Point,115.1727,-8.13291,5108,51,5108070,BALI,BALI,KAB. BULELENG,SAWAN,24
Feature,Point,115.1727,-8.13291,5108,51,5108070,BALI,BALI,KAB. BULELENG,SAWAN,25
Feature,Point,115.1727,-8.13291,5108,51,5108070,BALI,BALI,KAB. BULELENG,SAWAN,26
Feature,Point,115.1727,-8.13291,5108,51,5108070,BALI,BALI,KAB. BULELENG,SAWAN,27
Feature,Point,115.1727,-8.13291,5108,51,5108070,BALI,BALI,KAB. BULELENG,SAWAN,28
Feature,Point,115.1727,-8.13291,5108,51,5108070,BALI,BALI,KAB. BULELENG,SAWAN,29
Feature,Point,115.1727,-8.13291,5108,51,5108070,BALI,BALI,KAB. BULELENG,SAWAN,30
Feature,Point,115.1727,-8.13291,5108,51,5108070,BALI,BALI,KAB. BULELENG,SAWAN,31
Feature,Point,115.1727,-8.13291,5108,51,5108070,BALI,BALI,KAB. BULELENG,SAWAN,32
Feature,Point,115.1727,-8.13291,5108,51,5108070,BALI,BALI,KAB. BULELENG,SAWAN,33
Feature,Point,115.1727,-8.13291,5108,51,5108070,BALI,BALI,KAB. BULELENG,SAWAN,34
Feature,Point,115.1727,-8.13291,5108,51,5108070,BALI,BALI,KAB. BULELENG,SAWAN,35
Feature,Point,115.1727,-8.13291,5108,51,5108070,BALI,BALI,KAB. BULELENG,SAWAN,36
Feature,Point,115.1727,-8.13291,5108,51,5108070,BALI,BALI,KAB. BULELENG,SAWAN,37
Feature,Point,115.1727,-8.13291,5108,51,5108070,BALI,BALI,KAB. BULELENG,SAWAN,38
Feature,Point,115.1727,-8.13291,5108,51,5108070,BALI,BALI,KAB. BULELENG,SAWAN,39
Feature,Point,115.1727,-8.13291,5108,51,5108070,BALI,BALI,KAB. BULELENG,SAWAN,40
Feature,Point,115.1727,-8.13291,5108,51,5108070,BALI,BALI,KAB. BULELENG,SAWAN,41
Feature,Point,115.1727,-8.13291,5108,51,5108070,BALI,BALI,KAB. BULELENG,SAWAN,42
Feature,Point,115.1727,-8.13291,5108,51,5108070,BALI,BALI,KAB. BULELENG,SAWAN,43
Feature,Point,115.1727,-8.13291,5108,51,5108070,BALI,BALI,KAB. BULELENG,SAWAN,44
Feature,Point,115.1727,-8.13291,5108,51,5108070,BALI,BALI,KAB. BULELENG,SAWAN,45
Feature,Point,115.1727,-8.13291,5108,51,5108070,BALI,BALI,KAB. BULELENG,SAWAN,46
Feature,Point,115.1727,-8.13291,5108,51,5108070,BALI,BALI,KAB. BULELENG,SAWAN,47
Feature,Point,115.1727,-8.13291,5108,51,5108070,BALI,BALI,KAB. BULELENG,SAWAN,48
Feature,Point,115.1727,-8.13291,5108,51,5108070,BALI,BALI,KAB. BULELENG,SAWAN,49
Feature,Point,115.1727,-8.13291,5108,51,5108070,BALI,BALI,KAB. BULELENG,SAWAN,50
Feature,Point,115.1727,-8.13291,5108,51,5108070,BALI,BALI,KAB. BULELENG,SAWAN,51
Feature,Point,115.1727,-8.13291,5108,51,5108070,BALI,BALI,KAB. BULELENG,SAWAN,52
Feature,Point,114.92795,-8.20532,5108,51,5108020,BALI,BALI,KAB. BULELENG,SERIRIT,1
Feature,Point,114.92795,-8.20532,5108,51,5108020,BALI,BALI,KAB. BULELENG,SERIRIT,2
Feature,Point,114.92795,-8.20532,5108,51,5108020,BALI,BALI,KAB. BULELENG,SERIRIT,3
Feature,Point,114.92795,-8.20532,5108,51,5108020,BALI,BALI,KAB. BULELENG,SERIRIT,4
Feature,Point,114.92795,-8.20532,5108,51,5108020,BALI,BALI,KAB. BULELENG,SERIRIT,5
Feature,Point,114.92795,-8.20532,5108,51,5108020,BALI,BALI,KAB. BULELENG,SERIRIT,6
Feature,Point,114.92795,-8.20532,5108,51,5108020,BALI,BALI,KAB. BULELENG,SERIRIT,7
Feature,Point,114.92795,-8.20532,5108,51,5108020,BALI,BALI,KAB. BULELENG,SERIRIT,8
Feature,Point,114.92795,-8.20532,5108,51,5108020,BALI,BALI,KAB. BULELENG,SERIRIT,9
Feature,Point,114.92795,-8.20532,5108,51,5108020,BALI,BALI,KAB. BULELENG,SERIRIT,10
Feature,Point,114.92795,-8.20532,5108,51,5108020,BALI,BALI,KAB. BULELENG,SERIRIT,11
Feature,Point,114.92795,-8.20532,5108,51,5108020,BALI,BALI,KAB. BULELENG,SERIRIT,12
Feature,Point,114.92795,-8.20532,5108,51,5108020,BALI,BALI,KAB. BULELENG,SERIRIT,13
Feature,Point,114.92795,-8.20532,5108,51,5108020,BALI,BALI,KAB. BULELENG,SERIRIT,14
Feature,Point,114.92795,-8.20532,5108,51,5108020,BALI,BALI,KAB. BULELENG,SERIRIT,15
Feature,Point,114.92795,-8.20532,5108,51,5108020,BALI,BALI,KAB. BULELENG,SERIRIT,16
Feature,Point,114.92795,-8.20532,5108,51,5108020,BALI,BALI,KAB. BULELENG,SERIRIT,17
Feature,Point,114.92795,-8.20532,5108,51,5108020,BALI,BALI,KAB. BULELENG,SERIRIT,18
Feature,Point,114.92795,-8.20532,5108,51,5108020,BALI,BALI,KAB. BULELENG,SERIRIT,19
Feature,Point,114.92795,-8.20532,5108,51,5108020,BALI,BALI,KAB. BULELENG,SERIRIT,20
Feature,Point,114.92795,-8.20532,5108,51,5108020,BALI,BALI,KAB. BULELENG,SERIRIT,21
Feature,Point,114.92795,-8.20532,5108,51,5108020,BALI,BALI,KAB. BULELENG,SERIRIT,22
Feature,Point,114.92795,-8.20532,5108,51,5108020,BALI,BALI,KAB. BULELENG,SERIRIT,23
Feature,Point,114.92795,-8.20532,5108,51,5108020,BALI,BALI,KAB. BULELENG,SERIRIT,24
Feature,Point,114.92795,-8.20532,5108,51,5108020,BALI,BALI,KAB. BULELENG,SERIRIT,25
Feature,Point,114.92795,-8.20532,5108,51,5108020,BALI,BALI,KAB. BULELENG,SERIRIT,26
Feature,Point,114.92795,-8.20532,5108,51,5108020,BALI,BALI,KAB. BULELENG,SERIRIT,27
Feature,Point,114.92795,-8.20532,5108,51,5108020,BALI,BALI,KAB. BULELENG,SERIRIT,28
Feature,Point,114.92795,-8.20532,5108,51,5108020,BALI,BALI,KAB. BULELENG,SERIRIT,29
Feature,Point,114.92795,-8.20532,5108,51,5108020,BALI,BALI,KAB. BULELENG,SERIRIT,30
Feature,Point,114.92795,-8.20532,5108,51,5108020,BALI,BALI,KAB. BULELENG,SERIRIT,31
Feature,Point,114.92795,-8.20532,5108,51,5108020,BALI,BALI,KAB. BULELENG,SERIRIT,32
Feature,Point,114.92795,-8.20532,5108,51,5108020,BALI,BALI,KAB. BULELENG,SERIRIT,33
Feature,Point,114.92795,-8.20532,5108,51,5108020,BALI,BALI,KAB. BULELENG,SERIRIT,34
Feature,Point,114.92795,-8.20532,5108,51,5108020,BALI,BALI,KAB. BULELENG,SERIRIT,35
Feature,Point,114.92795,-8.20532,5108,51,5108020,BALI,BALI,KAB. BULELENG,SERIRIT,36
Feature,Point,114.92795,-8.20532,5108,51,5108020,BALI,BALI,KAB. BULELENG,SERIRIT,37
Feature,Point,114.92795,-8.20532,5108,51,5108020,BALI,BALI,KAB. BULELENG,SERIRIT,38
Feature,Point,114.92795,-8.20532,5108,51,5108020,BALI,BALI,KAB. BULELENG,SERIRIT,39
Feature,Point,114.92795,-8.20532,5108,51,5108020,BALI,BALI,KAB. BULELENG,SERIRIT,40
Feature,Point,114.92795,-8.20532,5108,51,5108020,BALI,BALI,KAB. BULELENG,SERIRIT,41
Feature,Point,114.92795,-8.20532,5108,51,5108020,BALI,BALI,KAB. BULELENG,SERIRIT,42
Feature,Point,114.92795,-8.20532,5108,51,5108020,BALI,BALI,KAB. BULELENG,SERIRIT,43
Feature,Point,114.92795,-8.20532,5108,51,5108020,BALI,BALI,KAB. BULELENG,SERIRIT,44
Feature,Point,114.92795,-8.20532,5108,51,5108020,BALI,BALI,KAB. BULELENG,SERIRIT,45
Feature,Point,114.92795,-8.20532,5108,51,5108020,BALI,BALI,KAB. BULELENG,SERIRIT,46
Feature,Point,114.92795,-8.20532,5108,51,5108020,BALI,BALI,KAB. BULELENG,SERIRIT,47
Feature,Point,114.92795,-8.20532,5108,51,5108020,BALI,BALI,KAB. BULELENG,SERIRIT,48
Feature,Point,114.92795,-8.20532,5108,51,5108020,BALI,BALI,KAB. BULELENG,SERIRIT,49
Feature,Point,114.92795,-8.20532,5108,51,5108020,BALI,BALI,KAB. BULELENG,SERIRIT,50
Feature,Point,114.92795,-8.20532,5108,51,5108020,BALI,BALI,KAB. BULELENG,SERIRIT,51
Feature,Point,114.92795,-8.20532,5108,51,5108020,BALI,BALI,KAB. BULELENG,SERIRIT,52
Feature,Point,115.11777,-8.19281,5108,51,5108050,BALI,BALI,KAB. BULELENG,SUKASADA,1
Feature,Point,115.11777,-8.19281,5108,51,5108050,BALI,BALI,KAB. BULELENG,SUKASADA,2
Feature,Point,115.11777,-8.19281,5108,51,5108050,BALI,BALI,KAB. BULELENG,SUKASADA,3
Feature,Point,115.11777,-8.19281,5108,51,5108050,BALI,BALI,KAB. BULELENG,SUKASADA,4
Feature,Point,115.11777,-8.19281,5108,51,5108050,BALI,BALI,KAB. BULELENG,SUKASADA,5
Feature,Point,115.11777,-8.19281,5108,51,5108050,BALI,BALI,KAB. BULELENG,SUKASADA,6
Feature,Point,115.11777,-8.19281,5108,51,5108050,BALI,BALI,KAB. BULELENG,SUKASADA,7
Feature,Point,115.11777,-8.19281,5108,51,5108050,BALI,BALI,KAB. BULELENG,SUKASADA,8
Feature,Point,115.11777,-8.19281,5108,51,5108050,BALI,BALI,KAB. BULELENG,SUKASADA,9
Feature,Point,115.11777,-8.19281,5108,51,5108050,BALI,BALI,KAB. BULELENG,SUKASADA,10
Feature,Point,115.11777,-8.19281,5108,51,5108050,BALI,BALI,KAB. BULELENG,SUKASADA,11
Feature,Point,115.11777,-8.19281,5108,51,5108050,BALI,BALI,KAB. BULELENG,SUKASADA,12
Feature,Point,115.11777,-8.19281,5108,51,5108050,BALI,BALI,KAB. BULELENG,SUKASADA,13
Feature,Point,115.11777,-8.19281,5108,51,5108050,BALI,BALI,KAB. BULELENG,SUKASADA,14
Feature,Point,115.11777,-8.19281,5108,51,5108050,BALI,BALI,KAB. BULELENG,SUKASADA,15
Feature,Point,115.11777,-8.19281,5108,51,5108050,BALI,BALI,KAB. BULELENG,SUKASADA,16
Feature,Point,115.11777,-8.19281,5108,51,5108050,BALI,BALI,KAB. BULELENG,SUKASADA,17
Feature,Point,115.11777,-8.19281,5108,51,5108050,BALI,BALI,KAB. BULELENG,SUKASADA,18
Feature,Point,115.11777,-8.19281,5108,51,5108050,BALI,BALI,KAB. BULELENG,SUKASADA,19
Feature,Point,115.11777,-8.19281,5108,51,5108050,BALI,BALI,KAB. BULELENG,SUKASADA,20
Feature,Point,115.11777,-8.19281,5108,51,5108050,BALI,BALI,KAB. BULELENG,SUKASADA,21
Feature,Point,115.11777,-8.19281,5108,51,5108050,BALI,BALI,KAB. BULELENG,SUKASADA,22
Feature,Point,115.11777,-8.19281,5108,51,5108050,BALI,BALI,KAB. BULELENG,SUKASADA,23
Feature,Point,115.11777,-8.19281,5108,51,5108050,BALI,BALI,KAB. BULELENG,SUKASADA,24
Feature,Point,115.11777,-8.19281,5108,51,5108050,BALI,BALI,KAB. BULELENG,SUKASADA,25
Feature,Point,115.11777,-8.19281,5108,51,5108050,BALI,BALI,KAB. BULELENG,SUKASADA,26
Feature,Point,115.11777,-8.19281,5108,51,5108050,BALI,BALI,KAB. BULELENG,SUKASADA,27
Feature,Point,115.11777,-8.19281,5108,51,5108050,BALI,BALI,KAB. BULELENG,SUKASADA,28
Feature,Point,115.11777,-8.19281,5108,51,5108050,BALI,BALI,KAB. BULELENG,SUKASADA,29
Feature,Point,115.11777,-8.19281,5108,51,5108050,BALI,BALI,KAB. BULELENG,SUKASADA,30
Feature,Point,115.11777,-8.19281,5108,51,5108050,BALI,BALI,KAB. BULELENG,SUKASADA,31
Feature,Point,115.11777,-8.19281,5108,51,5108050,BALI,BALI,KAB. BULELENG,SUKASADA,32
Feature,Point,115.11777,-8.19281,5108,51,5108050,BALI,BALI,KAB. BULELENG,SUKASADA,33
Feature,Point,115.11777,-8.19281,5108,51,5108050,BALI,BALI,KAB. BULELENG,SUKASADA,34
Feature,Point,115.11777,-8.19281,5108,51,5108050,BALI,BALI,KAB. BULELENG,SUKASADA,35
Feature,Point,115.11777,-8.19281,5108,51,5108050,BALI,BALI,KAB. BULELENG,SUKASADA,36
Feature,Point,115.11777,-8.19281,5108,51,5108050,BALI,BALI,KAB. BULELENG,SUKASADA,37
Feature,Point,115.11777,-8.19281,5108,51,5108050,BALI,BALI,KAB. BULELENG,SUKASADA,38
Feature,Point,115.11777,-8.19281,5108,51,5108050,BALI,BALI,KAB. BULELENG,SUKASADA,39
Feature,Point,115.11777,-8.19281,5108,51,5108050,BALI,BALI,KAB. BULELENG,SUKASADA,40
Feature,Point,115.11777,-8.19281,5108,51,5108050,BALI,BALI,KAB. BULELENG,SUKASADA,41
Feature,Point,115.11777,-8.19281,5108,51,5108050,BALI,BALI,KAB. BULELENG,SUKASADA,42
Feature,Point,115.11777,-8.19281,5108,51,5108050,BALI,BALI,KAB. BULELENG,SUKASADA,43
Feature,Point,115.11777,-8.19281,5108,51,5108050,BALI,BALI,KAB. BULELENG,SUKASADA,44
Feature,Point,115.11777,-8.19281,5108,51,5108050,BALI,BALI,KAB. BULELENG,SUKASADA,45
Feature,Point,115.11777,-8.19281,5108,51,5108050,BALI,BALI,KAB. BULELENG,SUKASADA,46
Feature,Point,115.11777,-8.19281,5108,51,5108050,BALI,BALI,KAB. BULELENG,SUKASADA,47
Feature,Point,115.11777,-8.19281,5108,51,5108050,BALI,BALI,KAB. BULELENG,SUKASADA,48
Feature,Point,115.11777,-8.19281,5108,51,5108050,BALI,BALI,KAB. BULELENG,SUKASADA,49
Feature,Point,115.11777,-8.19281,5108,51,5108050,BALI,BALI,KAB. BULELENG,SUKASADA,50
Feature,Point,115.11777,-8.19281,5108,51,5108050,BALI,BALI,KAB. BULELENG,SUKASADA,51
Feature,Point,115.11777,-8.19281,5108,51,5108050,BALI,BALI,KAB. BULELENG,SUKASADA,52
Feature,Point,115.3396,-8.13193,5108,51,5108090,BALI,BALI,KAB. BULELENG,TEJAKULA,1
Feature,Point,115.3396,-8.13193,5108,51,5108090,BALI,BALI,KAB. BULELENG,TEJAKULA,2
Feature,Point,115.3396,-8.13193,5108,51,5108090,BALI,BALI,KAB. BULELENG,TEJAKULA,3
Feature,Point,115.3396,-8.13193,5108,51,5108090,BALI,BALI,KAB. BULELENG,TEJAKULA,4
Feature,Point,115.3396,-8.13193,5108,51,5108090,BALI,BALI,KAB. BULELENG,TEJAKULA,5
Feature,Point,115.3396,-8.13193,5108,51,5108090,BALI,BALI,KAB. BULELENG,TEJAKULA,6
Feature,Point,115.3396,-8.13193,5108,51,5108090,BALI,BALI,KAB. BULELENG,TEJAKULA,7
Feature,Point,115.3396,-8.13193,5108,51,5108090,BALI,BALI,KAB. BULELENG,TEJAKULA,8
Feature,Point,115.3396,-8.13193,5108,51,5108090,BALI,BALI,KAB. BULELENG,TEJAKULA,9
Feature,Point,115.3396,-8.13193,5108,51,5108090,BALI,BALI,KAB. BULELENG,TEJAKULA,10
Feature,Point,115.3396,-8.13193,5108,51,5108090,BALI,BALI,KAB. BULELENG,TEJAKULA,11
Feature,Point,115.3396,-8.13193,5108,51,5108090,BALI,BALI,KAB. BULELENG,TEJAKULA,12
Feature,Point,115.3396,-8.13193,5108,51,5108090,BALI,BALI,KAB. BULELENG,TEJAKULA,13
Feature,Point,115.3396,-8.13193,5108,51,5108090,BALI,BALI,KAB. BULELENG,TEJAKULA,14
Feature,Point,115.3396,-8.13193,5108,51,5108090,BALI,BALI,KAB. BULELENG,TEJAKULA,15
Feature,Point,115.3396,-8.13193,5108,51,5108090,BALI,BALI,KAB. BULELENG,TEJAKULA,16
Feature,Point,115.3396,-8.13193,5108,51,5108090,BALI,BALI,KAB. BULELENG,TEJAKULA,17
Feature,Point,115.3396,-8.13193,5108,51,5108090,BALI,BALI,KAB. BULELENG,TEJAKULA,18
Feature,Point,115.3396,-8.13193,5108,51,5108090,BALI,BALI,KAB. BULELENG,TEJAKULA,19
Feature,Point,115.3396,-8.13193,5108,51,5108090,BALI,BALI,KAB. BULELENG,TEJAKULA,20
Feature,Point,115.3396,-8.13193,5108,51,5108090,BALI,BALI,KAB. BULELENG,TEJAKULA,21
Feature,Point,115.3396,-8.13193,5108,51,5108090,BALI,BALI,KAB. BULELENG,TEJAKULA,22
Feature,Point,115.3396,-8.13193,5108,51,5108090,BALI,BALI,KAB. BULELENG,TEJAKULA,23
Feature,Point,115.3396,-8.13193,5108,51,5108090,BALI,BALI,KAB. BULELENG,TEJAKULA,24
Feature,Point,115.3396,-8.13193,5108,51,5108090,BALI,BALI,KAB. BULELENG,TEJAKULA,25
Feature,Point,115.3396,-8.13193,5108,51,5108090,BALI,BALI,KAB. BULELENG,TEJAKULA,26
Feature,Point,115.3396,-8.13193,5108,51,5108090,BALI,BALI,KAB. BULELENG,TEJAKULA,27
Feature,Point,115.3396,-8.13193,5108,51,5108090,BALI,BALI,KAB. BULELENG,TEJAKULA,28
Feature,Point,115.3396,-8.13193,5108,51,5108090,BALI,BALI,KAB. BULELENG,TEJAKULA,29
Feature,Point,115.3396,-8.13193,5108,51,5108090,BALI,BALI,KAB. BULELENG,TEJAKULA,30
Feature,Point,115.3396,-8.13193,5108,51,5108090,BALI,BALI,KAB. BULELENG,TEJAKULA,31
Feature,Point,115.3396,-8.13193,5108,51,5108090,BALI,BALI,KAB. BULELENG,TEJAKULA,32
Feature,Point,115.3396,-8.13193,5108,51,5108090,BALI,BALI,KAB. BULELENG,TEJAKULA,33
Feature,Point,115.3396,-8.13193,5108,51,5108090,BALI,BALI,KAB. BULELENG,TEJAKULA,34
Feature,Point,115.3396,-8.13193,5108,51,5108090,BALI,BALI,KAB. BULELENG,TEJAKULA,35
Feature,Point,115.3396,-8.13193,5108,51,5108090,BALI,BALI,KAB. BULELENG,TEJAKULA,36
Feature,Point,115.3396,-8.13193,5108,51,5108090,BALI,BALI,KAB. BULELENG,TEJAKULA,37
Feature,Point,115.3396,-8.13193,5108,51,5108090,BALI,BALI,KAB. BULELENG,TEJAKULA,38
Feature,Point,115.3396,-8.13193,5108,51,5108090,BALI,BALI,KAB. BULELENG,TEJAKULA,39
Feature,Point,115.3396,-8.13193,5108,51,5108090,BALI,BALI,KAB. BULELENG,TEJAKULA,40
Feature,Point,115.3396,-8.13193,5108,51,5108090,BALI,BALI,KAB. BULELENG,TEJAKULA,41
Feature,Point,115.3396,-8.13193,5108,51,5108090,BALI,BALI,KAB. BULELENG,TEJAKULA,42
Feature,Point,115.3396,-8.13193,5108,51,5108090,BALI,BALI,KAB. BULELENG,TEJAKULA,43
Feature,Point,115.3396,-8.13193,5108,51,5108090,BALI,BALI,KAB. BULELENG,TEJAKULA,44
Feature,Point,115.3396,-8.13193,5108,51,5108090,BALI,BALI,KAB. BULELENG,TEJAKULA,45
Feature,Point,115.3396,-8.13193,5108,51,5108090,BALI,BALI,KAB. BULELENG,TEJAKULA,46
Feature,Point,115.3396,-8.13193,5108,51,5108090,BALI,BALI,KAB. BULELENG,TEJAKULA,47
Feature,Point,115.3396,-8.13193,5108,51,5108090,BALI,BALI,KAB. BULELENG,TEJAKULA,48
Feature,Point,115.3396,-8.13193,5108,51,5108090,BALI,BALI,KAB. BULELENG,TEJAKULA,49
Feature,Point,115.3396,-8.13193,5108,51,5108090,BALI,BALI,KAB. BULELENG,TEJAKULA,50
Feature,Point,115.3396,-8.13193,5108,51,5108090,BALI,BALI,KAB. BULELENG,TEJAKULA,51
Feature,Point,115.3396,-8.13193,5108,51,5108090,BALI,BALI,KAB. BULELENG,TEJAKULA,52
